,Unnamed: 0.1,Unnamed: 0,userId,movieId,rating,movie_idx
0,4305,4305,0,1,5.0,1507
1,4306,4306,0,6,5.0,1508
2,4307,4307,0,25,4.0,1509
3,4308,4308,0,32,3.0,1510
4,4309,4309,0,36,5.0,1511
5,4310,4310,0,52,3.0,1512
6,4311,4311,0,95,4.0,1513
7,4312,4312,0,112,2.0,1514
8,4313,4313,0,260,5.0,1515
9,4314,4314,0,376,4.0,142
10,4191,4191,1,145,3.5,1516
11,4192,4192,1,163,3.0,1517
12,4193,4193,1,196,3.0,1518
13,4194,4194,1,485,1.5,496
14,4195,4195,1,555,2.0,104
15,4196,4196,1,762,2.0,1519
16,4197,4197,1,1088,3.0,1520
17,4198,4198,1,1320,2.5,1521
18,4199,4199,1,1358,3.5,68
19,4200,4200,1,1408,3.5,1522
20,4211,4211,2,1057,3.0,1523
21,4212,4212,2,1183,5.0,271
22,4213,4213,2,1407,4.0,280
23,4214,4214,2,1416,4.0,1524
24,4215,4215,2,1422,3.0,1525
25,4216,4216,2,1446,4.0,1526
26,4217,4217,2,1479,3.0,1527
27,4218,4218,2,1485,4.0,1528
28,4219,4219,2,1584,3.0,282
29,4220,4220,2,1586,3.0,1529
30,1914,1914,3,6,4.0,1508
31,1915,1915,3,110,4.0,1530
32,1916,1916,3,377,3.0,96
33,1917,1917,3,457,5.0,187
34,1918,1918,3,480,3.0,43
35,1919,1919,3,648,3.0,1
36,1920,1920,3,1233,4.0,519
37,1921,1921,3,1270,4.0,275
38,1922,1922,3,1580,4.0,240
39,1923,1923,3,1608,4.0,21
40,1924,1924,3,1610,4.0,1531
41,1925,1925,3,1876,3.0,834
42,1926,1926,3,2002,3.0,1532
43,423,423,4,6,3.0,1508
44,424,424,4,10,4.0,1533
45,425,425,4,19,3.0,1534
46,426,426,4,32,1.0,1510
47,427,427,4,165,3.0,1535
48,428,428,4,329,3.0,800
49,429,429,4,350,4.0,372
50,430,430,4,356,4.0,365
51,431,431,4,367,3.0,95
52,432,432,4,368,4.0,448
53,433,433,4,370,4.0,495
54,434,434,4,377,4.0,96
55,435,435,4,380,3.0,97
56,436,436,4,420,3.0,366
57,2111,2111,5,16,4.0,1536
58,2112,2112,5,19,2.5,1534
59,2113,2113,5,111,4.5,1537
60,2114,2114,5,235,3.5,1538
61,2115,2115,5,370,2.0,495
62,2116,2116,5,442,2.0,100
63,2117,2117,5,474,2.0,188
64,2118,2118,5,1080,4.0,268
65,2119,2119,5,1208,4.5,109
66,2120,2120,5,1221,4.0,516
67,2121,2121,5,1291,4.0,388
68,2122,2122,5,1884,5.0,284
69,2123,2123,5,1923,2.5,424
70,2124,2124,5,1961,3.0,112
71,4943,4943,6,50,5.0,1539
72,4944,4944,6,163,3.5,1517
73,4945,4945,6,216,3.0,1540
74,4946,4946,6,296,5.0,1541
75,4947,4947,6,333,3.0,629
76,4948,4948,6,475,4.5,636
77,4949,4949,6,527,3.5,144
78,4950,4950,6,593,4.0,107
79,4951,4951,6,610,4.0,423
80,4952,4952,6,785,3.5,231
81,4953,4953,6,849,2.5,1542
82,4954,4954,6,1093,3.0,1543
83,4955,4955,6,1129,3.0,1544
84,4956,4956,6,1198,4.0,387
85,4957,4957,6,1203,4.0,1545
86,3503,3503,7,5,2.5,1546
87,3504,3504,7,163,1.0,1517
88,3505,3505,7,168,0.5,1547
89,3506,3506,7,225,2.0,1548
90,3507,3507,7,265,3.0,1549
91,3508,3508,7,466,3.5,460
92,3509,3509,7,519,2.0,45
93,3510,3510,7,555,1.5,104
94,3511,3511,7,589,2.5,50
95,3512,3512,7,596,5.0,52
96,3513,3513,7,1061,4.5,1550
97,3514,3514,7,1215,2.5,1551
98,3515,3515,7,1234,2.0,1552
99,3516,3516,7,1240,3.5,146
100,3517,3517,7,1372,2.5,257
101,3294,3294,8,150,1.0,1553
102,3295,3295,8,161,3.0,1554
103,3296,3296,8,165,3.0,1535
104,3297,3297,8,185,1.0,1555
105,3298,3298,8,196,1.0,1518
106,3299,3299,8,213,5.0,1556
107,3300,3300,8,231,3.0,1557
108,3301,3301,8,253,3.0,1558
109,3302,3302,8,266,1.0,1559
110,3303,3303,8,282,3.0,1560
111,3304,3304,8,292,3.0,1561
112,3305,3305,8,296,5.0,1541
113,3306,3306,8,315,2.0,455
114,3307,3307,8,339,3.0,362
115,3308,3308,8,344,2.0,363
116,3309,3309,8,356,4.0,365
117,4595,4595,9,260,4.0,1515
118,4596,4596,9,296,4.0,1541
119,4597,4597,9,349,4.0,364
120,4598,4598,9,595,4.0,108
121,4599,4599,9,720,5.0,379
122,4600,4600,9,858,5.0,502
123,4601,4601,9,904,4.0,1562
124,4602,4602,9,908,4.0,1563
125,4603,4603,9,920,4.0,1564
126,4604,4604,9,953,5.0,1565
127,4605,4605,9,1035,4.0,382
128,4606,4606,9,1136,5.0,236
129,4607,4607,9,1172,5.0,511
130,4608,4608,9,1197,4.0,237
131,4609,4609,9,1198,5.0,387
132,4610,4610,9,1201,5.0,1566
133,887,887,10,356,4.0,365
134,888,888,10,858,5.0,502
135,889,889,10,1219,3.0,1567
136,890,890,10,1911,3.0,1568
137,891,891,10,1923,4.0,424
138,892,892,10,1997,5.0,300
139,893,893,10,2279,3.0,1569
140,894,894,10,2605,2.0,1396
141,895,895,10,2683,3.0,29
142,896,896,10,2688,3.0,1397
143,897,897,10,2706,4.0,616
144,898,898,10,2710,3.0,58
145,899,899,10,2719,2.0,242
146,900,900,10,2722,2.0,868
147,901,901,10,2840,3.0,1405
148,902,902,10,2841,4.0,1406
149,903,903,10,2959,5.0,392
150,1464,1464,11,1,4.0,1507
151,1465,1465,11,3,3.0,1570
152,1466,1466,11,5,2.0,1546
153,1467,1467,11,6,3.0,1508
154,1468,1468,11,7,3.0,1571
155,1469,1469,11,17,3.0,1572
156,1470,1470,11,32,3.0,1510
157,1471,1471,11,34,4.0,1573
158,1472,1472,11,36,4.0,1511
159,1473,1473,11,95,3.0,1513
160,1474,1474,11,104,4.0,1574
161,1475,1475,11,110,4.0,1530
162,1476,1476,11,208,3.0,1575
163,1477,1477,11,231,3.0,1557
164,1478,1478,11,260,4.0,1515
165,1479,1479,11,344,4.0,363
166,1480,1480,11,356,4.0,365
167,1481,1481,11,364,4.0,185
168,922,922,12,1,4.0,1507
169,923,923,12,11,4.0,1576
170,924,924,12,25,4.0,1509
171,925,925,12,260,4.0,1515
172,926,926,12,356,3.0,365
173,927,927,12,527,5.0,144
174,928,928,12,858,5.0,502
175,929,929,12,912,4.0,1577
176,930,930,12,969,4.0,1578
177,931,931,12,1094,3.0,269
178,932,932,12,1136,4.0,236
179,933,933,12,1196,4.0,386
180,934,934,12,1198,4.0,387
181,935,935,12,1204,3.0,1579
182,936,936,12,1208,4.0,109
183,937,937,12,1210,4.0,238
184,938,938,12,1221,5.0,516
185,939,939,12,1222,3.0,1580
186,940,940,12,1230,4.0,1581
187,4628,4628,13,318,1.5,798
188,4629,4629,13,353,2.0,416
189,4630,4630,13,551,4.5,421
190,4631,4631,13,904,2.0,1562
191,4632,4632,13,908,3.0,1563
192,4633,4633,13,912,2.5,1577
193,4634,4634,13,920,4.0,1564
194,4635,4635,13,922,4.0,1582
195,4636,4636,13,923,2.0,504
196,4637,4637,13,926,4.0,1583
197,4638,4638,13,927,4.5,1584
198,4639,4639,13,1035,2.0,382
199,4640,4640,13,1148,3.0,1585
200,4641,4641,13,1207,3.0,1586
201,4642,4642,13,1230,1.0,1581
202,4643,4643,13,1252,4.0,1587
203,4644,4644,13,1500,3.5,690
204,4645,4645,13,1653,2.5,521
205,4646,4646,13,2054,0.5,55
206,4647,4647,13,2186,3.5,1588
207,4648,4648,13,2291,4.0,340
208,4649,4649,13,2302,1.5,15
209,1805,1805,14,10,2.0,1533
210,1806,1806,14,11,3.0,1576
211,1807,1807,14,14,2.0,1589
212,1808,1808,14,17,3.0,1572
213,1809,1809,14,21,3.0,1590
214,1810,1810,14,34,4.0,1573
215,1811,1811,14,36,3.0,1511
216,1812,1812,14,39,3.0,1591
217,1813,1813,14,50,3.0,1539
218,1814,1814,14,141,3.0,1592
219,1815,1815,14,150,4.0,1553
220,1816,1816,14,153,2.0,1593
221,1817,1817,14,161,3.0,1554
222,1818,1818,14,165,2.0,1535
223,1819,1819,14,231,3.0,1557
224,1820,1820,14,246,4.0,1594
225,1821,1821,14,296,3.0,1541
226,1822,1822,14,300,3.0,1595
227,1823,1823,14,318,3.0,798
228,1824,1824,14,326,3.0,1596
229,1825,1825,14,329,3.0,800
230,1826,1826,14,344,3.0,363
231,1827,1827,14,349,3.0,364
232,1828,1828,14,356,5.0,365
233,3853,3853,15,157,3.0,1597
234,3854,3854,15,161,4.0,1554
235,3855,3855,15,293,5.0,1598
236,3856,3856,15,345,4.0,447
237,3857,3857,15,370,1.0,495
238,3858,3858,15,480,1.0,43
239,3859,3859,15,608,4.0,0
240,3860,3860,15,673,2.0,1599
241,3861,3861,15,1028,3.0,381
242,3862,3862,15,1077,5.0,505
243,3863,3863,15,1078,4.0,1600
244,3864,3864,15,1197,5.0,237
245,3865,3865,15,1215,5.0,1551
246,3866,3866,15,1230,5.0,1581
247,3867,3867,15,1304,5.0,150
248,3868,3868,15,1566,1.0,1601
249,3869,3869,15,1639,5.0,520
250,3870,3870,15,1732,1.0,527
251,3871,3871,15,2000,4.0,1602
252,3872,3872,15,2001,4.0,1603
253,3873,3873,15,2002,4.0,1532
254,3874,3874,15,2115,5.0,56
255,3875,3875,15,2302,3.0,15
256,3876,3876,15,2355,4.0,547
257,3877,3877,15,2746,4.0,1604
258,2061,2061,16,1,5.0,1507
259,2062,2062,16,3,4.0,1570
260,2063,2063,16,6,5.0,1508
261,2064,2064,16,7,5.0,1571
262,2065,2065,16,14,4.0,1589
263,2066,2066,16,17,4.0,1572
264,2067,2067,16,25,3.0,1509
265,2068,2068,16,32,2.0,1510
266,2069,2069,16,55,3.0,1605
267,2070,2070,16,61,4.0,1606
268,2071,2071,16,62,5.0,1607
269,2072,2072,16,67,3.0,1608
270,2073,2073,16,74,4.0,1609
271,2074,2074,16,76,3.0,1610
272,2075,2075,16,79,3.0,1611
273,2076,2076,16,86,5.0,1612
274,2077,2077,16,88,4.0,1613
275,2078,2078,16,92,3.0,1614
276,2079,2079,16,95,3.0,1513
277,2080,2080,16,100,4.0,1615
278,2081,2081,16,101,3.0,1616
279,2082,2082,16,112,5.0,1514
280,2083,2083,16,135,4.0,1617
281,2084,2084,16,141,5.0,1592
282,2085,2085,16,376,4.0,142
283,4794,4794,17,1,1.0,1507
284,4795,4795,17,34,0.5,1573
285,4796,4796,17,47,3.0,1618
286,4797,4797,17,88,4.5,1613
287,4798,4798,17,110,3.0,1530
288,4799,4799,17,208,2.0,1575
289,4800,4800,17,231,0.5,1557
290,4801,4801,17,253,3.0,1558
291,4802,4802,17,262,2.0,1619
292,4803,4803,17,292,3.5,1561
293,4804,4804,17,296,4.0,1541
294,4805,4805,17,303,3.0,1620
295,4806,4806,17,318,3.5,798
296,4807,4807,17,344,1.0,363
297,4808,4808,17,356,1.5,365
298,4809,4809,17,364,1.0,185
299,4810,4810,17,367,0.5,95
300,4811,4811,17,383,0.5,808
301,4812,4812,17,480,3.5,43
302,4813,4813,17,593,4.0,107
303,4814,4814,17,597,0.5,371
304,4815,4815,17,608,4.5,0
305,4816,4816,17,733,0.5,3
306,4817,4817,17,736,1.5,4
307,4818,4818,17,780,2.5,5
308,4457,4457,18,31,4.5,1621
309,4458,4458,18,111,4.0,1537
310,4459,4459,18,260,4.5,1515
311,4460,4460,18,296,4.5,1541
312,4461,4461,18,355,1.0,417
313,4462,4462,18,541,4.0,1622
314,4463,4463,18,593,5.0,107
315,4464,4464,18,745,5.0,452
316,4465,4465,18,903,4.0,1623
317,4466,4466,18,904,4.0,1562
318,4467,4467,18,908,3.5,1563
319,4468,4468,18,910,2.0,1624
320,4469,4469,18,913,4.0,1625
321,4470,4470,18,1059,3.5,1626
322,4471,4471,18,1061,3.0,1550
323,4472,4472,18,1088,3.0,1520
324,4473,4473,18,1092,4.0,1627
325,4474,4474,18,1148,5.0,1585
326,4475,4475,18,1193,4.0,272
327,4476,4476,18,1196,4.5,386
328,4477,4477,18,1198,4.5,387
329,4478,4478,18,1201,4.0,1566
330,4479,4479,18,1203,3.5,1545
331,4480,4480,18,1207,4.0,1586
332,4481,4481,18,1234,5.0,1552
333,4973,4973,19,32,4.0,1510
334,4974,4974,19,39,3.5,1591
335,4975,4975,19,47,4.0,1618
336,4976,4976,19,150,3.5,1553
337,4977,4977,19,215,5.0,1628
338,4978,4978,19,296,5.0,1541
339,4979,4979,19,308,4.0,1629
340,4980,4980,19,318,4.0,798
341,4981,4981,19,319,3.0,1630
342,4982,4982,19,344,2.0,363
343,4983,4983,19,356,4.5,365
344,4984,4984,19,357,4.0,94
345,4985,4985,19,372,5.0,418
346,4986,4986,19,497,4.0,189
347,4987,4987,19,539,4.0,193
348,4988,4988,19,541,4.0,1622
349,4989,4989,19,551,4.0,421
350,4990,4990,19,589,4.5,50
351,4991,4991,19,590,3.5,106
352,4992,4992,19,593,4.0,107
353,4993,4993,19,597,3.5,371
354,4994,4994,19,608,4.0,0
355,4995,4995,19,910,3.5,1624
356,4996,4996,19,912,5.0,1577
357,4997,4997,19,923,3.5,504
358,4398,4398,20,4,2.0,1631
359,4399,4399,20,58,5.0,1632
360,4400,4400,20,85,4.0,1633
361,4401,4401,20,154,4.0,1634
362,4402,4402,20,446,3.0,1635
363,4403,4403,20,527,4.0,144
364,4404,4404,20,538,4.0,638
365,4405,4405,20,593,4.0,107
366,4406,4406,20,608,4.0,0
367,4407,4407,20,832,3.0,380
368,4408,4408,20,898,4.0,1636
369,4409,4409,20,912,5.0,1577
370,4410,4410,20,913,4.0,1625
371,4411,4411,20,923,4.0,504
372,4412,4412,20,953,5.0,1565
373,4413,4413,20,969,5.0,1578
374,4414,4414,20,986,5.0,1637
375,4415,4415,20,1084,4.0,1638
376,4416,4416,20,1097,5.0,270
377,4417,4417,20,1101,5.0,1639
378,4418,4418,20,1213,4.0,66
379,4419,4419,20,1225,4.0,518
380,4420,4420,20,1230,4.0,1581
381,4421,4421,20,1231,5.0,1640
382,4422,4422,20,1234,5.0,1552
383,4423,4423,20,1247,5.0,148
384,4424,4424,20,1265,5.0,239
385,4425,4425,20,1270,4.0,275
386,4426,4426,20,1272,5.0,1641
387,1854,1854,21,1,3.0,1507
388,1855,1855,21,6,3.0,1508
389,1856,1856,21,39,4.0,1591
390,1857,1857,21,122,4.0,1642
391,1858,1858,21,223,3.0,1643
392,1859,1859,21,356,4.0,365
393,1860,1860,21,539,3.0,193
394,1861,1861,21,550,5.0,420
395,1862,1862,21,587,5.0,370
396,1863,1863,21,915,3.0,1644
397,1864,1864,21,916,5.0,1645
398,1865,1865,21,934,4.0,1646
399,1866,1866,21,1060,3.0,1647
400,1867,1867,21,1126,3.0,1648
401,1868,1868,21,1136,3.0,236
402,1869,1869,21,1197,5.0,237
403,1870,1870,21,1257,2.0,1649
404,1871,1871,21,1265,5.0,239
405,1872,1872,21,1285,2.0,1650
406,1873,1873,21,1307,3.0,606
407,1874,1874,21,1380,5.0,1651
408,1875,1875,21,1394,2.0,1652
409,1876,1876,21,1500,5.0,690
410,1877,1877,21,1580,4.0,240
411,1878,1878,21,1753,5.0,1653
412,1879,1879,21,1923,4.0,424
413,1880,1880,21,2100,3.0,14
414,1881,1881,21,2144,4.0,1654
415,1882,1882,21,2245,3.0,1655
416,1883,1883,21,2248,4.0,1656
417,175,175,22,3,4.0,1570
418,176,176,22,62,5.0,1607
419,177,177,22,70,5.0,1657
420,178,178,22,110,4.0,1530
421,179,179,22,242,3.0,1658
422,180,180,22,260,5.0,1515
423,181,181,22,266,5.0,1559
424,182,182,22,469,3.0,1659
425,183,183,22,480,5.0,43
426,184,184,22,541,5.0,1622
427,185,185,22,589,5.0,50
428,186,186,22,891,2.0,1660
429,187,187,22,908,4.0,1563
430,188,188,22,924,5.0,267
431,189,189,22,1121,3.0,1661
432,190,190,22,1196,5.0,386
433,191,191,22,1210,5.0,238
434,192,192,22,1214,5.0,515
435,193,193,22,1249,5.0,1662
436,194,194,22,1259,5.0,110
437,195,195,22,1270,5.0,275
438,196,196,22,1327,5.0,1663
439,197,197,22,1356,5.0,1664
440,198,198,22,1544,5.0,828
441,199,199,22,1580,4.0,240
442,200,200,22,1673,4.0,12
443,201,201,22,1748,5.0,1665
444,202,202,22,1965,3.0,1666
445,203,203,22,1969,2.0,1667
446,204,204,22,1970,2.0,1668
447,3164,3164,23,10,3.0,1533
448,3165,3165,23,19,3.0,1534
449,3166,3166,23,21,4.0,1590
450,3167,3167,23,22,3.0,1669
451,3168,3168,23,39,4.0,1591
452,3169,3169,23,47,4.0,1618
453,3170,3170,23,50,5.0,1539
454,3171,3171,23,110,4.0,1530
455,3172,3172,23,150,4.0,1553
456,3173,3173,23,153,3.0,1593
457,3174,3174,23,160,2.0,1670
458,3175,3175,23,161,3.0,1554
459,3176,3176,23,165,3.0,1535
460,3177,3177,23,173,2.0,1671
461,3178,3178,23,185,3.0,1555
462,3179,3179,23,188,2.0,1672
463,3180,3180,23,208,3.0,1575
464,3181,3181,23,225,3.0,1548
465,3182,3182,23,231,2.0,1557
466,3183,3183,23,253,3.0,1558
467,3184,3184,23,266,3.0,1559
468,3185,3185,23,273,3.0,1673
469,3186,3186,23,288,4.0,1674
470,3187,3187,23,292,3.0,1561
471,3188,3188,23,296,5.0,1541
472,3189,3189,23,300,4.0,1595
473,3190,3190,23,316,3.0,1675
474,3191,3191,23,317,3.0,456
475,3192,3192,23,318,5.0,798
476,3193,3193,23,329,3.0,800
477,1500,1500,24,1,4.0,1507
478,1501,1501,24,2,3.0,1676
479,1502,1502,24,10,3.0,1533
480,1503,1503,24,11,4.0,1576
481,1504,1504,24,19,3.0,1534
482,1505,1505,24,32,5.0,1510
483,1506,1506,24,34,1.0,1573
484,1507,1507,24,39,3.0,1591
485,1508,1508,24,47,5.0,1618
486,1509,1509,24,95,4.0,1513
487,1510,1510,24,110,5.0,1530
488,1511,1511,24,150,5.0,1553
489,1512,1512,24,153,3.0,1593
490,1513,1513,24,160,4.0,1670
491,1514,1514,24,161,5.0,1554
492,1515,1515,24,165,3.0,1535
493,1516,1516,24,173,3.0,1671
494,1517,1517,24,185,4.0,1555
495,1518,1518,24,225,4.0,1548
496,1519,1519,24,231,3.0,1557
497,1520,1520,24,236,3.0,1677
498,1521,1521,24,253,5.0,1558
499,1522,1522,24,266,5.0,1559
500,1523,1523,24,282,3.0,1560
501,1524,1524,24,292,5.0,1561
502,1525,1525,24,296,5.0,1541
503,1526,1526,24,300,2.0,1595
504,1527,1527,24,315,4.0,455
505,1528,1528,24,316,3.0,1675
506,1529,1529,24,317,3.0,456
507,1530,1530,24,318,5.0,798
508,451,451,25,2,3.0,1676
509,452,452,25,11,5.0,1576
510,453,453,25,17,3.0,1572
511,454,454,25,60,3.0,1678
512,455,455,25,62,5.0,1607
513,456,456,25,104,2.0,1574
514,457,457,25,110,4.0,1530
515,458,458,25,140,2.0,1679
516,459,459,25,141,5.0,1592
517,460,460,25,150,5.0,1553
518,461,461,25,224,2.0,1680
519,462,462,25,235,3.0,1538
520,463,463,25,260,5.0,1515
521,464,464,25,282,4.0,1560
522,465,465,25,316,4.0,1675
523,466,466,25,318,5.0,798
524,467,467,25,350,4.0,372
525,468,468,25,364,5.0,185
526,469,469,25,367,3.0,95
527,470,470,25,368,5.0,448
528,471,471,25,370,4.0,495
529,472,472,25,376,4.0,142
530,473,473,25,377,5.0,96
531,474,474,25,380,5.0,97
532,475,475,25,440,5.0,41
533,476,476,25,454,5.0,42
534,477,477,25,457,5.0,187
535,478,478,25,475,4.0,636
536,479,479,25,480,4.0,43
537,480,480,25,491,4.0,818
538,481,481,25,500,5.0,102
539,482,482,25,508,5.0,190
540,483,483,25,515,3.0,191
541,3225,3225,26,11,4.0,1576
542,3226,3226,26,29,3.0,1681
543,3227,3227,26,47,4.5,1618
544,3228,3228,26,104,4.0,1574
545,3229,3229,26,162,4.0,1682
546,3230,3230,26,231,4.5,1557
547,3231,3231,26,235,3.0,1538
548,3232,3232,26,266,4.0,1559
549,3233,3233,26,368,4.5,448
550,3234,3234,26,480,4.5,43
551,3235,3235,26,491,3.0,818
552,3236,3236,26,539,3.0,193
553,3237,3237,26,553,4.5,374
554,3238,3238,26,597,4.5,371
555,3239,3239,26,778,4.5,453
556,3240,3240,26,832,4.0,380
557,3241,3241,26,1027,2.0,1683
558,3242,3242,26,1131,4.0,1684
559,3243,3243,26,1172,4.5,511
560,3244,3244,26,1265,5.0,239
561,3245,3245,26,1300,4.5,1685
562,3246,3246,26,1307,5.0,606
563,3247,3247,26,1517,3.0,607
564,3248,3248,26,1527,2.5,281
565,3249,3249,26,1544,4.0,828
566,3250,3250,26,1584,4.0,282
567,3251,3251,26,1610,4.0,1531
568,3252,3252,26,1721,5.0,151
569,3253,3253,26,1923,4.5,424
570,3254,3254,26,1961,4.0,112
571,3255,3255,26,2144,4.5,1654
572,3256,3256,26,2150,4.5,845
573,3257,3257,26,2355,3.5,547
574,3258,3258,26,2420,4.0,961
575,817,817,27,1,4.0,1507
576,818,818,27,3,5.0,1570
577,819,819,27,6,3.0,1508
578,820,820,27,10,4.0,1533
579,821,821,27,19,1.0,1534
580,822,822,27,21,4.0,1590
581,823,823,27,39,3.0,1591
582,824,824,27,47,5.0,1618
583,825,825,27,48,4.0,1686
584,826,826,27,110,5.0,1530
585,827,827,27,150,4.0,1553
586,828,828,27,153,3.0,1593
587,829,829,27,161,4.0,1554
588,830,830,27,165,3.0,1535
589,831,831,27,168,3.0,1547
590,832,832,27,172,1.0,1687
591,833,833,27,173,3.0,1671
592,834,834,27,185,2.0,1555
593,835,835,27,207,4.0,1688
594,836,836,27,208,3.0,1575
595,837,837,27,231,3.0,1557
596,838,838,27,236,4.0,1677
597,839,839,27,253,4.0,1558
598,840,840,27,266,5.0,1559
599,841,841,27,276,3.0,1689
600,842,842,27,277,4.0,1690
601,843,843,27,288,5.0,1674
602,844,844,27,292,4.0,1561
603,845,845,27,296,5.0,1541
604,846,846,27,316,2.0,1675
605,847,847,27,329,3.0,800
606,848,848,27,338,2.0,1691
607,849,849,27,339,4.0,362
608,850,850,27,344,3.0,363
609,851,851,27,349,5.0,364
610,4325,4325,28,11,3.0,1576
611,4326,4326,28,50,3.0,1539
612,4327,4327,28,111,5.0,1537
613,4328,4328,28,223,1.0,1643
614,4329,4329,28,246,5.0,1594
615,4330,4330,28,348,4.0,630
616,4331,4331,28,352,5.0,802
617,4332,4332,28,356,1.0,365
618,4333,4333,28,441,4.0,1692
619,4334,4334,28,471,1.0,1693
620,4335,4335,28,562,3.0,1694
621,4336,4336,28,592,2.0,194
622,4337,4337,28,608,2.0,0
623,4338,4338,28,1060,5.0,1647
624,4339,4339,28,1211,5.0,514
625,4340,4340,28,1248,4.0,1695
626,4341,4341,28,1260,4.0,1696
627,4342,4342,28,1279,3.0,276
628,4343,4343,28,1304,4.0,150
629,4344,4344,28,1354,5.0,278
630,4345,4345,28,1405,3.0,1697
631,4346,4346,28,1407,3.0,280
632,4347,4347,28,1500,1.0,690
633,4348,4348,28,1617,3.0,22
634,4349,4349,28,1625,5.0,11
635,4350,4350,28,1639,1.0,520
636,4351,4351,28,1641,2.0,25
637,4352,4352,28,1682,4.0,608
638,4353,4353,28,1704,5.0,523
639,4354,4354,28,1717,2.0,1698
640,4355,4355,28,1747,4.0,1699
641,4356,4356,28,1779,2.0,832
642,4357,4357,28,1840,5.0,1700
643,4358,4358,28,1876,2.0,834
644,4359,4359,28,1882,2.0,835
645,4360,4360,28,1892,4.0,537
646,3780,3780,29,6,3.0,1508
647,3781,3781,29,10,3.0,1533
648,3782,3782,29,14,3.0,1589
649,3783,3783,29,16,3.0,1536
650,3784,3784,29,17,4.0,1572
651,3785,3785,29,19,3.0,1534
652,3786,3786,29,25,4.0,1509
653,3787,3787,29,31,3.0,1621
654,3788,3788,29,34,4.0,1573
655,3789,3789,29,36,3.0,1511
656,3790,3790,29,39,3.0,1591
657,3791,3791,29,45,3.0,1701
658,3792,3792,29,47,3.0,1618
659,3793,3793,29,50,5.0,1539
660,3794,3794,29,58,4.0,1632
661,3795,3795,29,110,3.0,1530
662,3796,3796,29,150,4.0,1553
663,3797,3797,29,151,3.0,1702
664,3798,3798,29,153,3.0,1593
665,3799,3799,29,161,3.0,1554
666,3800,3800,29,165,3.0,1535
667,3801,3801,29,170,3.0,1703
668,3802,3802,29,173,3.0,1671
669,3803,3803,29,185,3.0,1555
670,3804,3804,29,225,3.0,1548
671,3805,3805,29,231,3.0,1557
672,3806,3806,29,235,3.0,1538
673,3807,3807,29,247,3.0,1704
674,3808,3808,29,260,4.0,1515
675,3809,3809,29,292,4.0,1561
676,3810,3810,29,296,5.0,1541
677,3811,3811,29,300,3.0,1595
678,3812,3812,29,315,2.0,455
679,3813,3813,29,316,3.0,1675
680,3814,3814,29,318,5.0,798
681,3815,3815,29,319,4.0,1630
682,4231,4231,30,3,3.0,1570
683,4232,4232,30,7,5.0,1571
684,4233,4233,30,8,3.0,1705
685,4234,4234,30,11,4.0,1576
686,4235,4235,30,21,1.0,1590
687,4236,4236,30,36,3.0,1511
688,4237,4237,30,47,4.0,1618
689,4238,4238,30,52,1.0,1512
690,4239,4239,30,62,5.0,1607
691,4240,4240,30,135,3.0,1617
692,4241,4241,30,141,2.0,1592
693,4242,4242,30,150,5.0,1553
694,4243,4243,30,153,3.0,1593
695,4244,4244,30,155,4.0,1706
696,4245,4245,30,160,1.0,1670
697,4246,4246,30,161,4.0,1554
698,4247,4247,30,165,3.0,1535
699,4248,4248,30,195,4.0,1707
700,4249,4249,30,204,3.0,1708
701,4250,4250,30,207,5.0,1688
702,4251,4251,30,222,3.0,1709
703,4252,4252,30,225,5.0,1548
704,4253,4253,30,233,4.0,1710
705,4254,4254,30,237,5.0,1711
706,4255,4255,30,241,2.0,1712
707,4256,4256,30,252,2.0,1713
708,4257,4257,30,265,3.0,1549
709,4258,4258,30,267,2.0,1714
710,4259,4259,30,276,5.0,1689
711,4260,4260,30,277,4.0,1690
712,4261,4261,30,279,4.0,1715
713,4262,4262,30,282,4.0,1560
714,4263,4263,30,289,5.0,1716
715,4264,4264,30,292,5.0,1561
716,4265,4265,30,294,2.0,1717
717,4266,4266,30,296,1.0,1541
718,4267,4267,30,300,1.0,1595
719,4508,4508,31,28,4.5,1718
720,4509,4509,31,150,3.5,1553
721,4510,4510,31,232,4.0,1719
722,4511,4511,31,260,3.5,1515
723,4512,4512,31,261,5.0,1720
724,4513,4513,31,277,0.5,1690
725,4514,4514,31,296,4.0,1541
726,4515,4515,31,318,4.0,798
727,4516,4516,31,344,2.0,363
728,4517,4517,31,356,5.0,365
729,4518,4518,31,367,2.5,95
730,4519,4519,31,480,2.5,43
731,4520,4520,31,531,4.5,47
732,4521,4521,31,588,3.0,105
733,4522,4522,31,595,3.5,108
734,4523,4523,31,613,4.0,465
735,4524,4524,31,648,3.5,1
736,4525,4525,31,780,3.5,5
737,4526,4526,31,830,5.0,500
738,4527,4527,31,838,5.0,1721
739,4528,4528,31,919,3.0,503
740,4529,4529,31,1073,2.0,9
741,4530,4530,31,1197,4.5,237
742,4531,4531,31,1198,4.0,387
743,4532,4532,31,1270,2.5,275
744,4533,4533,31,1278,3.5,1722
745,4534,4534,31,1287,3.0,1723
746,4535,4535,31,1291,4.0,388
747,4536,4536,31,1293,3.0,288
748,4537,4537,31,1302,2.0,289
749,4538,4538,31,1680,5.0,1724
750,4539,4539,31,1704,4.5,523
751,4540,4540,31,1721,3.0,151
752,4541,4541,31,1722,3.0,525
753,4542,4542,31,1923,3.5,424
754,4543,4543,31,1962,4.0,298
755,4544,4544,31,2125,5.0,541
756,4545,4545,31,2161,0.5,613
757,4546,4546,31,2359,5.0,1725
758,4547,4547,31,2396,5.0,313
759,4548,4548,31,2571,4.0,57
760,4549,4549,31,2572,5.0,1726
761,4550,4550,31,2628,2.5,864
762,3903,3903,32,1,5.0,1507
763,3904,3904,32,2,3.0,1676
764,3905,3905,32,7,3.0,1571
765,3906,3906,32,10,5.0,1533
766,3907,3907,32,15,3.0,1727
767,3908,3908,32,17,5.0,1572
768,3909,3909,32,21,4.0,1590
769,3910,3910,32,32,4.0,1510
770,3911,3911,32,34,3.0,1573
771,3912,3912,32,45,4.0,1701
772,3913,3913,32,48,4.0,1686
773,3914,3914,32,60,4.0,1678
774,3915,3915,32,68,4.0,1728
775,3916,3916,32,95,4.0,1513
776,3917,3917,32,104,3.0,1574
777,3918,3918,32,107,4.0,1729
778,3919,3919,32,135,3.0,1617
779,3920,3920,32,141,4.0,1592
780,3921,3921,32,150,5.0,1553
781,3922,3922,32,153,3.0,1593
782,3923,3923,32,158,3.0,1730
783,3924,3924,32,161,5.0,1554
784,3925,3925,32,165,4.0,1535
785,3926,3926,32,172,3.0,1687
786,3927,3927,32,173,1.0,1671
787,3928,3928,32,181,2.0,1731
788,3929,3929,32,185,3.0,1555
789,3930,3930,32,186,3.0,1732
790,3931,3931,32,203,4.0,1733
791,3932,3932,32,204,4.0,1708
792,3933,3933,32,208,5.0,1575
793,3934,3934,32,224,3.0,1680
794,3935,3935,32,231,3.0,1557
795,3936,3936,32,236,4.0,1677
796,3937,3937,32,237,4.0,1711
797,3938,3938,32,239,5.0,1734
798,3939,3939,32,252,4.0,1713
799,3940,3940,32,261,4.0,1720
800,3941,3941,32,272,4.0,1735
801,3942,3942,32,277,3.0,1690
802,3943,3943,32,289,4.0,1716
803,3944,3944,32,296,3.0,1541
804,3945,3945,32,316,4.0,1675
805,3946,3946,32,317,3.0,456
806,3947,3947,32,329,4.0,800
807,3948,3948,32,338,3.0,1691
808,4844,4844,33,6,4.0,1508
809,4845,4845,33,14,3.0,1589
810,4846,4846,33,17,4.0,1572
811,4847,4847,33,25,5.0,1509
812,4848,4848,33,43,5.0,1736
813,4849,4849,33,47,4.0,1618
814,4850,4850,33,50,5.0,1539
815,4851,4851,33,52,4.0,1512
816,4852,4852,33,62,4.0,1607
817,4853,4853,33,94,4.0,1737
818,4854,4854,33,110,4.0,1530
819,4855,4855,33,111,4.0,1537
820,4856,4856,33,141,3.0,1592
821,4857,4857,33,144,4.0,1738
822,4858,4858,33,151,4.0,1702
823,4859,4859,33,171,3.0,1739
824,4860,4860,33,223,3.0,1643
825,4861,4861,33,230,3.0,1740
826,4862,4862,33,232,4.0,1719
827,4863,4863,33,246,4.0,1594
828,4864,4864,33,247,4.0,1704
829,4865,4865,33,249,4.0,1741
830,4866,4866,33,260,4.0,1515
831,4867,4867,33,265,3.0,1549
832,4868,4868,33,272,4.0,1735
833,4869,4869,33,296,5.0,1541
834,4870,4870,33,307,3.0,1742
835,4871,4871,33,318,5.0,798
836,4872,4872,33,319,4.0,1630
837,4873,4873,33,326,4.0,1596
838,4874,4874,33,357,4.0,94
839,4875,4875,33,369,4.0,1743
840,4876,4876,33,373,4.0,1744
841,4877,4877,33,380,3.0,97
842,4878,4878,33,412,4.0,1745
843,4879,4879,33,417,3.0,99
844,4880,4880,33,428,4.0,812
845,4881,4881,33,431,4.0,40
846,4882,4882,33,452,3.0,1746
847,4883,4883,33,468,4.0,450
848,4884,4884,33,475,3.0,636
849,4885,4885,33,497,4.0,189
850,4886,4886,33,509,3.0,103
851,4887,4887,33,515,4.0,191
852,4888,4888,33,527,5.0,144
853,4889,4889,33,529,4.0,375
854,4890,4890,33,534,3.0,192
855,4891,4891,33,535,3.0,451
856,4892,4892,33,541,3.0,1622
857,2435,2435,34,1,4.0,1507
858,2436,2436,34,25,4.0,1509
859,2437,2437,34,32,5.0,1510
860,2438,2438,34,47,5.0,1618
861,2439,2439,34,50,5.0,1539
862,2440,2440,34,70,1.0,1657
863,2441,2441,34,110,4.0,1530
864,2442,2442,34,223,5.0,1643
865,2443,2443,34,232,3.0,1719
866,2444,2444,34,235,3.0,1538
867,2445,2445,34,293,5.0,1598
868,2446,2446,34,296,5.0,1541
869,2447,2447,34,318,5.0,798
870,2448,2448,34,342,3.0,446
871,2449,2449,34,347,3.0,1747
872,2450,2450,34,356,2.0,365
873,2451,2451,34,457,4.0,187
874,2452,2452,34,475,4.0,636
875,2453,2453,34,493,3.0,1748
876,2454,2454,34,508,5.0,190
877,2455,2455,34,527,5.0,144
878,2456,2456,34,535,5.0,451
879,2457,2457,34,555,5.0,104
880,2458,2458,34,589,3.0,50
881,2459,2459,34,593,4.0,107
882,2460,2460,34,608,5.0,0
883,2461,2461,34,678,5.0,1749
884,2462,2462,34,720,4.0,379
885,2463,2463,34,778,5.0,453
886,2464,2464,34,838,1.0,1721
887,2465,2465,34,866,4.0,1750
888,2466,2466,34,1047,5.0,454
889,2467,2467,34,1059,5.0,1626
890,2468,2468,34,1060,5.0,1647
891,2469,2469,34,1089,5.0,506
892,2470,2470,34,1094,3.0,269
893,2471,2471,34,1095,5.0,1751
894,2472,2472,34,1111,5.0,1752
895,2473,2473,34,1188,5.0,1753
896,2474,2474,34,1215,3.0,1551
897,2475,2475,34,1245,4.0,1754
898,2476,2476,34,1249,5.0,1662
899,2477,2477,34,1268,4.0,1755
900,2478,2478,34,1358,5.0,68
901,2479,2479,34,1366,4.0,646
902,2480,2480,34,1408,4.0,1522
903,2481,2481,34,1411,4.0,1756
904,2482,2482,34,1466,4.0,1757
905,2483,2483,34,1500,5.0,690
906,2484,2484,34,1527,5.0,281
907,2485,2485,34,1580,5.0,240
908,1940,1940,35,186,4.0,1732
909,1941,1941,35,260,1.0,1515
910,1942,1942,35,296,4.0,1541
911,1943,1943,35,318,4.5,798
912,1944,1944,35,356,4.0,365
913,1945,1945,35,383,3.0,808
914,1946,1946,35,426,1.0,367
915,1947,1947,35,480,1.5,43
916,1948,1948,35,527,4.0,144
917,1949,1949,35,588,4.0,105
918,1950,1950,35,592,3.0,194
919,1951,1951,35,593,3.5,107
920,1952,1952,35,608,4.0,0
921,1953,1953,35,830,2.0,500
922,1954,1954,35,858,4.0,502
923,1955,1955,35,912,5.0,1577
924,1956,1956,35,1201,5.0,1566
925,1957,1957,35,1206,4.0,273
926,1958,1958,35,1209,4.0,1758
927,1959,1959,35,1211,4.5,514
928,1960,1960,35,1221,3.5,516
929,1961,1961,35,1230,4.5,1581
930,1962,1962,35,1247,4.0,148
931,1963,1963,35,1252,4.5,1587
932,1964,1964,35,1270,2.0,275
933,1965,1965,35,1283,4.0,1759
934,1966,1966,35,1305,4.5,1760
935,1967,1967,35,1371,2.0,1761
936,1968,1968,35,1417,3.0,1762
937,1969,1969,35,1580,2.5,240
938,1970,1970,35,1641,4.0,25
939,1971,1971,35,1784,4.0,610
940,1972,1972,35,1952,4.0,692
941,1973,1973,35,1955,2.5,1763
942,1974,1974,35,1958,2.0,1764
943,1975,1975,35,2023,2.5,13
944,1976,1976,35,2085,3.0,695
945,1977,1977,35,2289,4.0,427
946,1978,1978,35,2375,2.0,1765
947,1979,1979,35,2402,1.0,652
948,1980,1980,35,2403,1.0,653
949,1981,1981,35,2404,1.0,1766
950,1982,1982,35,2571,3.0,57
951,1983,1983,35,2641,2.5,660
952,1984,1984,35,2739,3.0,1767
953,1985,1985,35,2762,3.5,243
954,1986,1986,35,2858,3.5,71
955,1987,1987,35,2950,2.0,1149
956,1988,1988,35,2997,4.0,324
957,1989,1989,35,3083,5.0,1768
958,1990,1990,35,3426,4.0,1769
959,1991,1991,35,3507,4.0,1770
960,1992,1992,35,3812,3.5,1771
961,1993,1993,35,3967,3.5,1454
962,1994,1994,35,4041,3.0,1187
963,1995,1995,35,4280,4.0,1772
964,1996,1996,35,4306,3.0,62
965,1997,1997,35,4313,2.5,1773
966,1998,1998,35,4428,3.5,1774
967,1999,1999,35,4447,2.0,1483
968,3043,3043,36,21,3.5,1590
969,3044,3044,36,22,4.0,1669
970,3045,3045,36,31,3.0,1621
971,3046,3046,36,32,3.5,1510
972,3047,3047,36,39,4.5,1591
973,3048,3048,36,47,3.0,1618
974,3049,3049,36,50,3.5,1539
975,3050,3050,36,104,2.5,1574
976,3051,3051,36,110,3.5,1530
977,3052,3052,36,111,3.5,1537
978,3053,3053,36,141,3.5,1592
979,3054,3054,36,175,4.5,1775
980,3055,3055,36,223,4.5,1643
981,3056,3056,36,231,3.0,1557
982,3057,3057,36,253,3.5,1558
983,3058,3058,36,261,4.0,1720
984,3059,3059,36,288,3.5,1674
985,3060,3060,36,296,4.0,1541
986,3061,3061,36,318,4.0,798
987,3062,3062,36,337,4.0,445
988,3063,3063,36,344,3.5,363
989,3064,3064,36,356,4.0,365
990,3065,3065,36,364,3.5,185
991,3066,3066,36,367,2.0,95
992,3067,3067,36,372,4.0,418
993,3068,3068,36,377,2.5,96
994,3069,3069,36,428,4.0,812
995,3070,3070,36,480,3.5,43
996,3071,3071,36,500,3.5,102
997,3072,3072,36,527,3.5,144
998,3073,3073,36,539,2.5,193
999,3074,3074,36,585,1.0,145
1000,3075,3075,36,586,3.5,49
1001,3076,3076,36,587,4.5,370
1002,3077,3077,36,589,4.0,50
1003,3078,3078,36,590,4.0,106
1004,3079,3079,36,592,3.5,194
1005,3080,3080,36,593,4.5,107
1006,3081,3081,36,597,3.0,371
1007,3082,3082,36,778,4.0,453
1008,3083,3083,36,858,3.5,502
1009,3084,3084,36,919,4.0,503
1010,3085,3085,36,1036,2.0,383
1011,3086,3086,36,1079,4.0,385
1012,3087,3087,36,1080,4.0,268
1013,3088,3088,36,1089,3.5,506
1014,3089,3089,36,1093,3.5,1543
1015,3090,3090,36,1097,4.5,270
1016,3091,3091,36,1101,3.5,1639
1017,3092,3092,36,1120,3.0,1776
1018,3093,3093,36,1126,4.5,1648
1019,3094,3094,36,1136,4.0,236
1020,3095,3095,36,1193,3.5,272
1021,3096,3096,36,1197,4.0,237
1022,3097,3097,36,1198,3.5,387
1023,3098,3098,36,1200,3.0,513
1024,3099,3099,36,1214,2.0,515
1025,3100,3100,36,1240,4.0,146
1026,3101,3101,36,1246,4.0,274
1027,3102,3102,36,1258,4.0,1777
1028,4672,4672,37,5,3.0,1546
1029,4673,4673,37,6,2.0,1508
1030,4674,4674,37,11,4.0,1576
1031,4675,4675,37,21,5.0,1590
1032,4676,4676,37,25,5.0,1509
1033,4677,4677,37,32,3.0,1510
1034,4678,4678,37,36,5.0,1511
1035,4679,4679,37,39,3.0,1591
1036,4680,4680,37,45,5.0,1701
1037,4681,4681,37,47,3.0,1618
1038,4682,4682,37,50,4.0,1539
1039,4683,4683,37,52,5.0,1512
1040,4684,4684,37,57,4.0,1778
1041,4685,4685,37,58,4.0,1632
1042,4686,4686,37,62,4.0,1607
1043,4687,4687,37,64,1.0,1779
1044,4688,4688,37,65,1.0,1780
1045,4689,4689,37,95,3.0,1513
1046,4690,4690,37,102,3.0,1781
1047,4691,4691,37,111,4.0,1537
1048,4692,4692,37,122,1.0,1642
1049,4693,4693,37,125,5.0,1782
1050,4694,4694,37,141,5.0,1592
1051,4695,4695,37,144,4.0,1738
1052,4696,4696,37,150,3.0,1553
1053,4697,4697,37,156,4.0,1783
1054,4698,4698,37,157,4.0,1597
1055,4699,4699,37,162,4.0,1682
1056,4700,4700,37,171,4.0,1739
1057,4701,4701,37,176,5.0,1784
1058,4702,4702,37,185,3.0,1555
1059,4703,4703,37,186,3.0,1732
1060,4704,4704,37,194,4.0,1785
1061,4705,4705,37,195,3.0,1707
1062,4706,4706,37,203,2.0,1733
1063,4707,4707,37,206,5.0,1786
1064,4708,4708,37,208,3.0,1575
1065,4709,4709,37,223,5.0,1643
1066,4710,4710,37,224,3.0,1680
1067,4711,4711,37,225,1.0,1548
1068,4712,4712,37,231,1.0,1557
1069,4713,4713,37,232,4.0,1719
1070,4714,4714,37,233,5.0,1710
1071,4715,4715,37,234,4.0,1787
1072,4716,4716,37,235,5.0,1538
1073,4717,4717,37,246,5.0,1594
1074,4718,4718,37,248,3.0,1788
1075,4719,4719,37,253,3.0,1558
1076,4720,4720,37,256,2.0,1789
1077,4721,4721,37,265,4.0,1549
1078,4722,4722,37,272,4.0,1735
1079,4723,4723,37,275,3.0,1790
1080,4724,4724,37,282,2.0,1560
1081,4725,4725,37,288,3.0,1674
1082,4726,4726,37,292,3.0,1561
1083,4727,4727,37,296,5.0,1541
1084,4728,4728,37,300,5.0,1595
1085,4729,4729,37,305,4.0,1791
1086,4730,4730,37,312,3.0,1792
1087,4731,4731,37,315,1.0,455
1088,4732,4732,37,316,2.0,1675
1089,2302,2302,38,1,3.0,1507
1090,2303,2303,38,6,5.0,1508
1091,2304,2304,38,16,5.0,1536
1092,2305,2305,38,47,4.0,1618
1093,2306,2306,38,50,4.0,1539
1094,2307,2307,38,69,3.0,1793
1095,2308,2308,38,95,4.0,1513
1096,2309,2309,38,110,4.0,1530
1097,2310,2310,38,111,4.0,1537
1098,2311,2311,38,165,4.0,1535
1099,2312,2312,38,288,1.0,1674
1100,2313,2313,38,292,3.0,1561
1101,2314,2314,38,296,5.0,1541
1102,2315,2315,38,303,3.0,1620
1103,2316,2316,38,318,5.0,798
1104,2317,2317,38,353,3.0,416
1105,2318,2318,38,358,3.0,803
1106,2319,2319,38,377,4.0,96
1107,2320,2320,38,434,4.0,186
1108,2321,2321,38,457,3.0,187
1109,2322,2322,38,474,3.0,188
1110,2323,2323,38,479,3.0,1794
1111,2324,2324,38,494,4.0,143
1112,2325,2325,38,544,3.0,1795
1113,2326,2326,38,555,4.0,104
1114,2327,2327,38,587,3.0,370
1115,2328,2328,38,589,5.0,50
1116,2329,2329,38,592,3.0,194
1117,2330,2330,38,593,5.0,107
1118,2331,2331,38,648,5.0,1
1119,2332,2332,38,733,4.0,3
1120,2333,2333,38,1036,5.0,383
1121,2334,2334,38,1037,3.0,1796
1122,2335,2335,38,1047,5.0,454
1123,2336,2336,38,1089,4.0,506
1124,2337,2337,38,1090,3.0,507
1125,2338,2338,38,1101,4.0,1639
1126,2339,2339,38,1129,3.0,1544
1127,2340,2340,38,1196,4.0,386
1128,2341,2341,38,1198,3.0,387
1129,2342,2342,38,1210,4.0,238
1130,2343,2343,38,1222,4.0,1580
1131,2344,2344,38,1240,5.0,146
1132,2345,2345,38,1291,3.0,388
1133,2346,2346,38,1370,3.0,1797
1134,2347,2347,38,1378,3.0,1798
1135,2348,2348,38,1385,4.0,1799
1136,2349,2349,38,1408,2.0,1522
1137,2350,2350,38,1518,3.0,1800
1138,2351,2351,38,1552,4.0,1801
1139,2352,2352,38,1573,3.0,1802
1140,2353,2353,38,1580,3.0,240
1141,2354,2354,38,1587,4.0,1803
1142,2355,2355,38,1597,4.0,10
1143,2356,2356,38,1608,3.0,21
1144,2357,2357,38,1615,3.0,1804
1145,2358,2358,38,1625,5.0,11
1146,2359,2359,38,1673,3.0,12
1147,2360,2360,38,1676,3.0,27
1148,2361,2361,38,1777,4.0,529
1149,2362,2362,38,1912,3.0,1805
1150,2363,2363,38,1918,4.0,259
1151,2364,2364,38,1954,4.0,1806
1152,2365,2365,38,2000,4.0,1602
1153,2366,2366,38,2001,5.0,1603
1154,2367,2367,38,2002,3.0,1532
1155,2139,2139,39,6,4.0,1508
1156,2140,2140,39,16,5.0,1536
1157,2141,2141,39,32,4.0,1510
1158,2142,2142,39,50,5.0,1539
1159,2143,2143,39,111,4.0,1537
1160,2144,2144,39,223,3.0,1643
1161,2145,2145,39,235,3.0,1538
1162,2146,2146,39,260,5.0,1515
1163,2147,2147,39,262,4.0,1619
1164,2148,2148,39,293,2.0,1598
1165,2149,2149,39,296,5.0,1541
1166,2150,2150,39,318,5.0,798
1167,2151,2151,39,319,3.0,1630
1168,2152,2152,39,322,3.0,628
1169,2153,2153,39,337,3.0,445
1170,2154,2154,39,364,3.0,185
1171,2155,2155,39,474,4.0,188
1172,2156,2156,39,527,5.0,144
1173,2157,2157,39,541,5.0,1622
1174,2158,2158,39,562,4.0,1694
1175,2159,2159,39,589,4.0,50
1176,2160,2160,39,593,5.0,107
1177,2161,2161,39,594,3.0,51
1178,2162,2162,39,608,4.0,0
1179,2163,2163,39,760,3.0,1807
1180,2164,2164,39,778,4.0,453
1181,2165,2165,39,858,5.0,502
1182,2166,2166,39,912,4.0,1577
1183,2167,2167,39,920,3.0,1564
1184,2168,2168,39,923,4.0,504
1185,2169,2169,39,924,5.0,267
1186,2170,2170,39,953,3.0,1565
1187,2171,2171,39,954,3.0,1808
1188,2172,2172,39,968,5.0,1809
1189,2173,2173,39,1022,3.0,1810
1190,2174,2174,39,1036,4.0,383
1191,2175,2175,39,1054,1.0,645
1192,2176,2176,39,1060,4.0,1647
1193,2177,2177,39,1079,4.0,385
1194,2178,2178,39,1080,2.0,268
1195,2179,2179,39,1089,5.0,506
1196,2180,2180,39,1097,4.0,270
1197,2181,2181,39,1179,3.0,1811
1198,2182,2182,39,1193,5.0,272
1199,2183,2183,39,1196,5.0,386
1200,2184,2184,39,1197,4.0,237
1201,2185,2185,39,1201,5.0,1566
1202,2186,2186,39,1203,3.0,1545
1203,2187,2187,39,1206,4.0,273
1204,2188,2188,39,1207,5.0,1586
1205,2189,2189,39,1210,5.0,238
1206,2190,2190,39,1213,5.0,66
1207,2191,2191,39,1214,5.0,515
1208,2192,2192,39,1215,3.0,1551
1209,2193,2193,39,1218,5.0,1812
1210,2194,2194,39,1219,4.0,1567
1211,2195,2195,39,1222,4.0,1580
1212,2196,2196,39,1228,5.0,1813
1213,2197,2197,39,1245,4.0,1754
1214,2198,2198,39,1250,4.0,149
1215,2199,2199,39,1252,4.0,1587
1216,2200,2200,39,1259,5.0,110
1217,2201,2201,39,1262,4.0,254
1218,2202,2202,39,1263,4.0,1814
1219,2203,2203,39,1266,4.0,1815
1220,2204,2204,39,1270,4.0,275
1221,2205,2205,39,1274,2.0,1816
1222,2206,2206,39,1276,4.0,1817
1223,2207,2207,39,1277,3.0,1818
1224,2208,2208,39,1278,2.0,1722
1225,2209,2209,39,1282,3.0,277
1226,2210,2210,39,1285,4.0,1650
1227,2211,2211,39,1288,4.0,1819
1228,2212,2212,39,1291,4.0,388
1229,2213,2213,39,1297,3.0,1820
1230,2214,2214,39,1387,4.0,111
1231,2215,2215,39,1393,4.0,389
1232,2216,2216,39,1394,3.0,1652
1233,2217,2217,39,1411,3.0,1756
1234,2218,2218,39,1449,4.0,1821
1235,2219,2219,39,1458,3.0,1822
1236,0,0,40,2,3.5,1676
1237,1,1,40,29,3.5,1681
1238,2,2,40,32,3.5,1510
1239,3,3,40,47,3.5,1618
1240,4,4,40,50,3.5,1539
1241,5,5,40,112,3.5,1514
1242,6,6,40,151,4.0,1702
1243,7,7,40,223,4.0,1643
1244,8,8,40,253,4.0,1558
1245,9,9,40,260,4.0,1515
1246,10,10,40,293,4.0,1598
1247,11,11,40,296,4.0,1541
1248,12,12,40,318,4.0,798
1249,13,13,40,337,3.5,445
1250,14,14,40,367,3.5,95
1251,15,15,40,541,4.0,1622
1252,16,16,40,589,3.5,50
1253,17,17,40,593,3.5,107
1254,18,18,40,653,3.0,2
1255,19,19,40,919,3.5,503
1256,20,20,40,924,3.5,267
1257,21,21,40,1009,3.5,1823
1258,22,22,40,1036,4.0,383
1259,23,23,40,1079,4.0,385
1260,24,24,40,1080,3.5,268
1261,25,25,40,1089,3.5,506
1262,26,26,40,1090,4.0,507
1263,27,27,40,1097,4.0,270
1264,28,28,40,1136,3.5,236
1265,29,29,40,1193,3.5,272
1266,30,30,40,1196,4.5,386
1267,31,31,40,1198,4.5,387
1268,32,32,40,1200,4.0,513
1269,33,33,40,1201,3.0,1566
1270,34,34,40,1208,3.5,109
1271,35,35,40,1214,4.0,515
1272,36,36,40,1215,4.0,1551
1273,37,37,40,1217,3.5,1824
1274,38,38,40,1219,4.0,1567
1275,39,39,40,1222,3.5,1580
1276,40,40,40,1240,4.0,146
1277,41,41,40,1243,3.0,1825
1278,42,42,40,1246,3.5,274
1279,43,43,40,1249,4.0,1662
1280,44,44,40,1258,4.0,1777
1281,45,45,40,1259,4.0,110
1282,46,46,40,1261,3.5,1826
1283,47,47,40,1262,3.5,254
1284,48,48,40,1266,4.0,1815
1285,49,49,40,1278,4.0,1722
1286,50,50,40,1291,3.5,388
1287,51,51,40,1304,3.0,150
1288,52,52,40,1321,4.0,1827
1289,53,53,40,1333,4.0,1828
1290,54,54,40,1348,3.5,1829
1291,55,55,40,1350,3.5,1830
1292,56,56,40,1358,4.0,68
1293,57,57,40,1370,3.0,1797
1294,58,58,40,1374,4.0,1831
1295,59,59,40,1387,4.0,111
1296,60,60,40,1525,3.0,1832
1297,61,61,40,1584,3.5,282
1298,62,62,40,1750,3.5,1833
1299,63,63,40,1848,3.5,1834
1300,64,64,40,1920,3.5,1835
1301,65,65,40,1967,4.0,1836
1302,66,66,40,1994,3.5,53
1303,67,67,40,1997,3.5,300
1304,68,68,40,2021,4.0,1837
1305,69,69,40,2100,4.0,14
1306,70,70,40,2118,4.0,696
1307,71,71,40,2138,4.0,1838
1308,72,72,40,2140,4.0,844
1309,73,73,40,2143,4.0,1839
1310,74,74,40,2173,4.0,1840
1311,75,75,40,2174,4.0,614
1312,76,76,40,2193,4.0,650
1313,77,77,40,2194,3.5,154
1314,78,78,40,2253,3.5,1841
1315,79,79,40,2288,4.0,699
1316,80,80,40,2291,4.0,340
1317,81,81,40,2542,4.0,703
1318,82,82,40,2628,4.0,864
1319,83,83,40,2644,3.5,1842
1320,84,84,40,2648,3.5,1843
1321,85,85,40,2664,3.5,705
1322,86,86,40,2683,3.5,29
1323,3326,3326,41,2,3.0,1676
1324,3327,3327,41,9,4.0,1844
1325,3328,3328,41,11,4.0,1576
1326,3329,3329,41,15,4.0,1727
1327,3330,3330,41,16,4.0,1536
1328,3331,3331,41,19,3.0,1534
1329,3332,3332,41,20,4.0,1845
1330,3333,3333,41,21,3.0,1590
1331,3334,3334,41,22,3.0,1669
1332,3335,3335,41,23,4.0,1846
1333,3336,3336,41,24,3.0,1847
1334,3337,3337,41,31,4.0,1621
1335,3338,3338,41,32,3.0,1510
1336,3339,3339,41,34,4.0,1573
1337,3340,3340,41,42,3.0,1848
1338,3341,3341,41,44,3.0,1849
1339,3342,3342,41,46,3.0,1850
1340,3343,3343,41,47,4.0,1618
1341,3344,3344,41,50,4.0,1539
1342,3345,3345,41,57,3.0,1778
1343,3346,3346,41,60,4.0,1678
1344,3347,3347,41,70,4.0,1657
1345,3348,3348,41,93,3.0,1851
1346,3349,3349,41,104,4.0,1574
1347,3350,3350,41,110,5.0,1530
1348,3351,3351,41,112,4.0,1514
1349,3352,3352,41,122,3.0,1642
1350,3353,3353,41,132,3.0,1852
1351,3354,3354,41,135,3.0,1617
1352,3355,3355,41,145,4.0,1516
1353,3356,3356,41,147,3.0,1853
1354,3357,3357,41,150,4.0,1553
1355,3358,3358,41,151,3.0,1702
1356,3359,3359,41,153,3.0,1593
1357,3360,3360,41,157,3.0,1597
1358,3361,3361,41,158,3.0,1730
1359,3362,3362,41,159,4.0,1854
1360,3363,3363,41,160,3.0,1670
1361,3364,3364,41,161,4.0,1554
1362,3365,3365,41,164,4.0,1855
1363,3366,3366,41,165,4.0,1535
1364,3367,3367,41,168,3.0,1547
1365,3368,3368,41,170,3.0,1703
1366,3369,3369,41,172,3.0,1687
1367,3370,3370,41,173,4.0,1671
1368,3371,3371,41,179,3.0,1856
1369,3372,3372,41,185,3.0,1555
1370,3373,3373,41,188,3.0,1672
1371,3374,3374,41,191,3.0,1857
1372,3375,3375,41,196,3.0,1518
1373,3376,3376,41,204,4.0,1708
1374,3377,3377,41,208,3.0,1575
1375,3378,3378,41,216,5.0,1540
1376,3379,3379,41,218,3.0,1858
1377,3380,3380,41,224,4.0,1680
1378,3381,3381,41,225,3.0,1548
1379,3382,3382,41,231,3.0,1557
1380,3383,3383,41,233,3.0,1710
1381,3384,3384,41,234,3.0,1787
1382,3385,3385,41,235,3.0,1538
1383,3386,3386,41,237,4.0,1711
1384,3387,3387,41,246,3.0,1594
1385,3388,3388,41,248,3.0,1788
1386,3389,3389,41,249,5.0,1741
1387,3390,3390,41,250,3.0,1859
1388,3391,3391,41,253,5.0,1558
1389,3392,3392,41,255,3.0,1860
1390,3393,3393,41,256,3.0,1789
1391,3394,3394,41,266,4.0,1559
1392,3395,3395,41,267,4.0,1714
1393,3396,3396,41,271,3.0,1861
1394,3397,3397,41,272,3.0,1735
1395,3398,3398,41,273,4.0,1673
1396,3399,3399,41,274,3.0,1862
1397,3400,3400,41,277,3.0,1690
1398,3401,3401,41,280,3.0,1863
1399,3402,3402,41,282,4.0,1560
1400,3403,3403,41,288,3.0,1674
1401,3404,3404,41,292,5.0,1561
1402,3405,3405,41,293,4.0,1598
1403,3406,3406,41,294,3.0,1717
1404,3407,3407,41,296,5.0,1541
1405,3408,3408,41,300,2.0,1595
1406,3409,3409,41,303,3.0,1620
1407,3410,3410,41,312,2.0,1792
1408,3411,3411,41,315,4.0,455
1409,3412,3412,41,316,3.0,1675
1410,3413,3413,41,317,4.0,456
1411,236,236,42,1,4.0,1507
1412,237,237,42,24,3.0,1847
1413,238,238,42,32,4.0,1510
1414,239,239,42,50,5.0,1539
1415,240,240,42,160,3.0,1670
1416,241,241,42,173,2.0,1671
1417,242,242,42,175,5.0,1775
1418,243,243,42,196,3.0,1518
1419,244,244,42,223,5.0,1643
1420,245,245,42,260,5.0,1515
1421,246,246,42,316,5.0,1675
1422,247,247,42,318,5.0,798
1423,248,248,42,329,5.0,800
1424,249,249,42,337,3.0,445
1425,250,250,42,440,3.0,41
1426,251,251,42,442,3.0,100
1427,252,252,42,457,5.0,187
1428,253,253,42,480,5.0,43
1429,254,254,42,490,5.0,1864
1430,255,255,42,512,2.0,1865
1431,256,256,42,541,5.0,1622
1432,257,257,42,589,4.0,50
1433,258,258,42,593,5.0,107
1434,259,259,42,610,4.0,423
1435,260,260,42,718,3.0,1866
1436,261,261,42,780,3.0,5
1437,262,262,42,788,4.0,8
1438,263,263,42,858,5.0,502
1439,264,264,42,904,5.0,1562
1440,265,265,42,905,3.0,1867
1441,266,266,42,919,4.0,503
1442,267,267,42,924,5.0,267
1443,268,268,42,953,5.0,1565
1444,269,269,42,968,3.0,1809
1445,270,270,42,1037,3.0,1796
1446,271,271,42,1060,5.0,1647
1447,272,272,42,1073,5.0,9
1448,273,273,42,1077,4.0,505
1449,274,274,42,1079,4.0,385
1450,275,275,42,1084,5.0,1638
1451,276,276,42,1089,5.0,506
1452,277,277,42,1094,4.0,269
1453,278,278,42,1097,5.0,270
1454,279,279,42,1103,4.0,508
1455,280,280,42,1125,4.0,1868
1456,281,281,42,1127,3.0,1869
1457,282,282,42,1129,5.0,1544
1458,283,283,42,1179,3.0,1811
1459,284,284,42,1188,2.0,1753
1460,285,285,42,1193,4.0,272
1461,286,286,42,1196,5.0,386
1462,287,287,42,1197,5.0,237
1463,288,288,42,1198,5.0,387
1464,289,289,42,1199,4.0,512
1465,290,290,42,1200,4.0,513
1466,291,291,42,1206,5.0,273
1467,292,292,42,1208,5.0,109
1468,293,293,42,1210,5.0,238
1469,294,294,42,1213,5.0,66
1470,295,295,42,1214,5.0,515
1471,296,296,42,1215,4.0,1551
1472,297,297,42,1219,4.0,1567
1473,298,298,42,1220,5.0,1870
1474,299,299,42,1221,5.0,516
1475,300,300,42,1222,5.0,1580
1476,301,301,42,1225,3.0,518
1477,302,302,42,1228,3.0,1813
1478,303,303,42,1230,5.0,1581
1479,304,304,42,1240,5.0,146
1480,305,305,42,1242,5.0,147
1481,306,306,42,1247,5.0,148
1482,307,307,42,1257,5.0,1649
1483,308,308,42,1258,5.0,1777
1484,309,309,42,1259,5.0,110
1485,310,310,42,1261,5.0,1826
1486,311,311,42,1266,5.0,1815
1487,312,312,42,1270,5.0,275
1488,313,313,42,1272,4.0,1641
1489,314,314,42,1276,5.0,1817
1490,315,315,42,1278,5.0,1722
1491,316,316,42,1288,2.0,1819
1492,317,317,42,1304,5.0,150
1493,318,318,42,1307,4.0,606
1494,319,319,42,1321,5.0,1827
1495,320,320,42,1330,3.0,1871
1496,321,321,42,1333,4.0,1828
1497,322,322,42,1345,4.0,1872
1498,323,323,42,1356,5.0,1664
1499,324,324,42,1372,3.0,257
1500,325,325,42,1373,4.0,1873
1501,326,326,42,1374,5.0,1831
1502,327,327,42,1375,5.0,1874
1503,328,328,42,1376,4.0,79
1504,3996,3996,43,47,5.0,1618
1505,3997,3997,43,50,5.0,1539
1506,3998,3998,43,60,4.0,1678
1507,3999,3999,43,107,4.0,1729
1508,4000,4000,43,110,4.5,1530
1509,4001,4001,43,111,5.0,1537
1510,4002,4002,43,153,3.0,1593
1511,4003,4003,43,208,3.5,1575
1512,4004,4004,43,231,1.0,1557
1513,4005,4005,43,253,4.5,1558
1514,4006,4006,43,260,3.0,1515
1515,4007,4007,43,293,5.0,1598
1516,4008,4008,43,296,5.0,1541
1517,4009,4009,43,318,4.0,798
1518,4010,4010,43,344,2.0,363
1519,4011,4011,43,356,4.5,365
1520,4012,4012,43,367,3.0,95
1521,4013,4013,43,413,2.5,633
1522,4014,4014,43,480,3.0,43
1523,4015,4015,43,500,4.0,102
1524,4016,4016,43,527,4.5,144
1525,4017,4017,43,592,3.5,194
1526,4018,4018,43,593,4.5,107
1527,4019,4019,43,595,4.0,108
1528,4020,4020,43,597,3.0,371
1529,4021,4021,43,778,5.0,453
1530,4022,4022,43,858,5.0,502
1531,4023,4023,43,1019,3.5,1875
1532,4024,4024,43,1089,5.0,506
1533,4025,4025,43,1097,3.5,270
1534,4026,4026,43,1221,4.5,516
1535,4027,4027,43,1222,3.5,1580
1536,4028,4028,43,1223,4.5,1876
1537,4029,4029,43,1265,4.5,239
1538,4030,4030,43,1270,4.5,275
1539,4031,4031,43,1347,2.0,1877
1540,4032,4032,43,1580,3.5,240
1541,4033,4033,43,1617,4.5,22
1542,4034,4034,43,1644,2.0,1878
1543,4035,4035,43,1721,3.5,151
1544,4036,4036,43,2023,4.5,13
1545,4037,4037,43,2028,3.5,28
1546,4038,4038,43,2231,4.0,1879
1547,4039,4039,43,2300,3.5,1880
1548,4040,4040,43,2329,4.5,429
1549,4041,4041,43,2360,5.0,1881
1550,4042,4042,43,2396,4.0,313
1551,4043,4043,43,2501,3.5,962
1552,4044,4044,43,2542,5.0,703
1553,4045,4045,43,2571,5.0,57
1554,4046,4046,43,2688,4.0,1397
1555,4047,4047,43,2692,5.0,615
1556,4048,4048,43,2858,5.0,71
1557,4049,4049,43,2959,5.0,392
1558,4050,4050,43,2997,5.0,324
1559,4051,4051,43,3301,3.0,197
1560,4052,4052,43,3396,5.0,248
1561,4053,4053,43,3535,5.0,440
1562,4054,4054,43,3556,3.5,1882
1563,4055,4055,43,3578,4.0,33
1564,4056,4056,43,3793,4.0,210
1565,4057,4057,43,3949,4.5,618
1566,4058,4058,43,4011,5.0,676
1567,4059,4059,43,4014,4.5,468
1568,4060,4060,43,4226,4.5,73
1569,4061,4061,43,4235,5.0,1471
1570,4062,4062,43,4381,4.5,1883
1571,4063,4063,43,4718,1.0,1495
1572,4064,4064,43,4886,4.5,470
1573,4065,4065,43,4954,4.5,1884
1574,4066,4066,43,4973,5.0,172
1575,4067,4067,43,4979,5.0,621
1576,4068,4068,43,4993,5.0,120
1577,4069,4069,43,5014,4.5,1885
1578,4070,4070,43,5219,4.0,1886
1579,4071,4071,43,5225,4.5,553
1580,4072,4072,43,5254,4.0,1887
1581,4073,4073,43,5349,4.0,472
1582,4074,4074,43,5418,5.0,474
1583,4075,4075,43,5445,5.0,1216
1584,4076,4076,43,5577,4.5,1888
1585,4077,4077,43,5608,5.0,556
1586,4078,4078,43,5782,4.5,1221
1587,4079,4079,43,5785,1.0,1889
1588,4080,4080,43,5902,5.0,1890
1589,4081,4081,43,5991,4.5,1891
1590,4082,4082,43,6003,5.0,1892
1591,4083,4083,43,6016,5.0,558
1592,4084,4084,43,6218,4.0,475
1593,4085,4085,43,6333,4.0,476
1594,4086,4086,43,6365,4.0,477
1595,4087,4087,43,6377,5.0,478
1596,4088,4088,43,6539,5.0,405
1597,4089,4089,43,6595,4.0,1893
1598,4090,4090,43,6618,3.5,1894
1599,4091,4091,43,6773,5.0,1895
1600,4092,4092,43,6863,4.5,1001
1601,1562,1562,44,1,4.5,1507
1602,1563,1563,44,7,3.5,1571
1603,1564,1564,44,17,5.0,1572
1604,1565,1565,44,34,3.0,1573
1605,1566,1566,44,62,4.0,1607
1606,1567,1567,44,150,5.0,1553
1607,1568,1568,44,252,4.0,1713
1608,1569,1569,44,260,4.0,1515
1609,1570,1570,44,277,4.0,1690
1610,1571,1571,44,314,4.0,1896
1611,1572,1572,44,316,3.0,1675
1612,1573,1573,44,339,4.5,362
1613,1574,1574,44,344,2.0,363
1614,1575,1575,44,356,4.0,365
1615,1576,1576,44,364,4.5,185
1616,1577,1577,44,368,4.5,448
1617,1578,1578,44,440,4.5,41
1618,1579,1579,44,452,4.5,1746
1619,1580,1580,44,457,3.5,187
1620,1581,1581,44,468,3.5,450
1621,1582,1582,44,471,5.0,1693
1622,1583,1583,44,480,4.0,43
1623,1584,1584,44,497,4.5,189
1624,1585,1585,44,500,2.0,102
1625,1586,1586,44,520,2.0,46
1626,1587,1587,44,529,5.0,375
1627,1588,1588,44,534,4.0,192
1628,1589,1589,44,539,1.5,193
1629,1590,1590,44,551,2.0,421
1630,1591,1591,44,552,3.5,422
1631,1592,1592,44,586,2.5,49
1632,1593,1593,44,587,2.5,370
1633,1594,1594,44,588,4.0,105
1634,1595,1595,44,594,3.5,51
1635,1596,1596,44,595,4.5,108
1636,1597,1597,44,728,4.5,1897
1637,1598,1598,44,745,4.0,452
1638,1599,1599,44,780,3.0,5
1639,1600,1600,44,783,3.0,1898
1640,1601,1601,44,802,3.0,232
1641,1602,1602,44,838,4.0,1721
1642,1603,1603,44,898,4.5,1636
1643,1604,1604,44,899,3.5,1899
1644,1605,1605,44,902,3.0,1900
1645,1606,1606,44,910,2.0,1624
1646,1607,1607,44,911,4.0,1901
1647,1608,1608,44,924,3.5,267
1648,1609,1609,44,927,3.5,1584
1649,1610,1610,44,951,3.5,1902
1650,1611,1611,44,953,3.5,1565
1651,1612,1612,44,954,4.5,1808
1652,1613,1613,44,955,4.5,1903
1653,1614,1614,44,1010,3.5,1904
1654,1615,1615,44,1013,3.5,235
1655,1616,1616,44,1020,3.0,1905
1656,1617,1617,44,1022,4.0,1810
1657,1618,1618,44,1023,4.5,1906
1658,1619,1619,44,1028,3.0,381
1659,1620,1620,44,1042,3.5,384
1660,1621,1621,44,1073,3.0,9
1661,1622,1622,44,1097,3.5,270
1662,1623,1623,44,1101,3.0,1639
1663,1624,1624,44,1136,4.0,236
1664,1625,1625,44,1148,5.0,1585
1665,1626,1626,44,1177,3.5,1907
1666,1627,1627,44,1196,4.0,386
1667,1628,1628,44,1197,4.5,237
1668,1629,1629,44,1198,3.0,387
1669,1630,1630,44,1204,4.5,1579
1670,1631,1631,44,1207,5.0,1586
1671,1632,1632,44,1210,4.0,238
1672,1633,1633,44,1228,1.0,1813
1673,1634,1634,44,1243,5.0,1825
1674,1635,1635,44,1246,4.5,274
1675,1636,1636,44,1262,4.5,254
1676,1637,1637,44,1265,4.5,239
1677,1638,1638,44,1269,4.5,1908
1678,1639,1639,44,1270,4.0,275
1679,1640,1640,44,1271,4.0,256
1680,1641,1641,44,1282,3.5,277
1681,1642,1642,44,1291,4.0,388
1682,1643,1643,44,1302,3.0,289
1683,1644,1644,44,1396,5.0,827
1684,1645,1645,44,1441,2.5,1909
1685,1646,1646,44,1580,3.5,240
1686,1647,1647,44,1610,4.5,1531
1687,1648,1648,44,1682,4.5,608
1688,1649,1649,44,1689,5.0,1910
1689,1650,1650,44,1721,2.0,151
1690,1651,1651,44,1947,4.0,1911
1691,1652,1652,44,1954,2.5,1806
1692,1653,1653,44,1957,4.5,297
1693,1654,1654,44,1962,2.5,298
1694,1655,1655,44,2009,1.0,836
1695,1656,1656,44,2010,3.5,1912
1696,1657,1657,44,2012,4.0,54
1697,1658,1658,44,2018,3.0,81
1698,1659,1659,44,2046,3.0,839
1699,1660,1660,44,2049,3.0,1913
1700,1661,1661,44,2054,2.5,55
1701,1662,1662,44,2059,4.5,1914
1702,1663,1663,44,2078,4.0,1915
1703,1664,1664,44,2081,3.0,285
1704,1665,1665,44,2083,4.0,1916
1705,1666,1666,44,2087,3.5,1917
1706,1667,1667,44,2094,4.0,1918
1707,1668,1668,44,2100,3.0,14
1708,1669,1669,44,2105,3.5,842
1709,1670,1670,44,2115,3.5,56
1710,1671,1671,44,2125,4.5,541
1711,1672,1672,44,2150,4.5,845
1712,1673,1673,44,2161,3.5,613
1713,1674,1674,44,2174,3.0,614
1714,1675,1675,44,2193,3.5,650
1715,1676,1676,44,2294,3.5,428
1716,1677,1677,44,2324,4.5,83
1717,1678,1678,44,2355,3.5,547
1718,1679,1679,44,2394,5.0,550
1719,1680,1680,44,2405,3.0,1919
1720,1681,1681,44,2406,3.0,314
1721,1682,1682,44,2414,4.0,1920
1722,3534,3534,45,1,3.0,1507
1723,3535,3535,45,110,5.0,1530
1724,3536,3536,45,260,5.0,1515
1725,3537,3537,45,364,3.0,185
1726,3538,3538,45,527,0.5,144
1727,3539,3539,45,588,3.0,105
1728,3540,3540,45,594,2.5,51
1729,3541,3541,45,616,4.0,825
1730,3542,3542,45,1196,5.0,386
1731,3543,3543,45,1197,3.0,237
1732,3544,3544,45,1207,0.5,1586
1733,3545,3545,45,1210,5.0,238
1734,3546,3546,45,1214,0.5,515
1735,3547,3547,45,1270,4.0,275
1736,3548,3548,45,2096,2.0,1921
1737,3549,3549,45,2571,4.5,57
1738,3550,3550,45,2959,2.0,392
1739,3551,3551,45,3300,5.0,1428
1740,3552,3552,45,3483,4.0,1434
1741,3553,3553,45,3555,3.0,350
1742,3554,3554,45,3615,3.0,1922
1743,3555,3555,45,3624,3.0,1440
1744,3556,3556,45,3671,5.0,1176
1745,3557,3557,45,3751,4.0,206
1746,3558,3558,45,3793,4.5,210
1747,3559,3559,45,3916,4.5,976
1748,3560,3560,45,4016,4.0,678
1749,3561,3561,45,4022,2.0,132
1750,3562,3562,45,4232,4.0,1923
1751,3563,3563,45,4299,3.0,1478
1752,3564,3564,45,4306,4.0,62
1753,3565,3565,45,4343,4.0,1924
1754,3566,3566,45,4366,4.5,977
1755,3567,3567,45,4386,3.5,1925
1756,3568,3568,45,4638,4.5,1201
1757,3569,3569,45,4700,4.0,39
1758,3570,3570,45,4734,0.5,1926
1759,3571,3571,45,4816,1.0,1927
1760,3572,3572,45,4886,4.0,470
1761,3573,3573,45,4887,3.0,1499
1762,3574,3574,45,4890,2.0,1928
1763,3575,3575,45,4896,5.0,759
1764,3576,3576,45,4990,4.5,1929
1765,3577,3577,45,4993,5.0,120
1766,3578,3578,45,5110,4.0,1930
1767,3579,3579,45,5218,4.0,981
1768,3580,3580,45,5254,4.5,1887
1769,3581,3581,45,5267,4.0,982
1770,3582,3582,45,5299,0.5,554
1771,3583,3583,45,5313,3.5,1931
1772,3584,3584,45,5349,2.0,472
1773,3585,3585,45,5378,5.0,403
1774,3586,3586,45,5389,4.0,1932
1775,3587,3587,45,5444,5.0,1215
1776,3588,3588,45,5463,4.5,1218
1777,3589,3589,45,5504,4.0,1933
1778,3590,3590,45,5574,5.0,1934
1779,3591,3591,45,5621,4.0,1935
1780,3592,3592,45,5669,0.5,1220
1781,3593,3593,45,5679,0.5,770
1782,3594,3594,45,5785,4.0,1889
1783,3595,3595,45,5804,3.5,1936
1784,3596,3596,45,5816,5.0,124
1785,3597,3597,45,5903,5.0,1223
1786,3598,3598,45,5952,5.0,64
1787,3599,3599,45,6156,4.0,1937
1788,3600,3600,45,6218,5.0,475
1789,3601,3601,45,6297,4.0,992
1790,3602,3602,45,6333,4.5,476
1791,3603,3603,45,6365,4.0,477
1792,3604,3604,45,6377,3.0,478
1793,3605,3605,45,6385,3.5,1938
1794,3606,3606,45,6539,5.0,405
1795,3607,3607,45,6565,1.5,1939
1796,3608,3608,45,6566,4.5,1940
1797,3609,3609,45,6753,4.0,999
1798,3610,3610,45,6754,5.0,777
1799,3611,3611,45,6863,1.5,1001
1800,3612,3612,45,6880,0.5,1941
1801,3613,3613,45,6889,4.5,1942
1802,3614,3614,45,6934,3.5,406
1803,3615,3615,45,6936,1.5,1002
1804,3616,3616,45,7153,5.0,178
1805,3617,3617,45,7293,2.5,408
1806,3618,3618,45,7317,5.0,1943
1807,3619,3619,45,7324,4.0,1944
1808,3620,3620,45,7373,4.5,883
1809,3621,3621,45,8360,3.0,568
1810,3622,3622,45,8361,0.5,410
1811,3623,3623,45,8368,5.0,792
1812,3624,3624,45,8371,5.0,1257
1813,3625,3625,45,8376,0.5,884
1814,3626,3626,45,8464,2.5,1945
1815,3627,3627,45,8528,0.5,1946
1816,3628,3628,45,8533,1.0,1947
1817,3629,3629,45,8622,0.5,411
1818,3630,3630,45,8636,1.5,412
1819,3631,3631,45,8641,1.0,1260
1820,3632,3632,45,8807,0.5,1948
1821,3633,3633,45,8808,3.5,1949
1822,3634,3634,45,8810,1.0,92
1823,3635,3635,45,8907,4.0,1266
1824,3636,3636,45,8917,0.5,1950
1825,3637,3637,45,8937,2.0,1951
1826,3638,3638,45,8957,0.5,1952
1827,3639,3639,45,8961,4.0,796
1828,3640,3640,45,8972,4.5,888
1829,3641,3641,45,8985,5.0,891
1830,3642,3642,45,30707,0.5,93
1831,3643,3643,45,30816,2.0,1953
1832,3644,3644,45,32031,4.0,1288
1833,3645,3645,45,33004,3.0,903
1834,3646,3646,45,33493,5.0,1291
1835,3647,3647,45,33615,4.0,1954
1836,3648,3648,45,33646,4.0,1955
1837,3649,3649,45,33679,2.5,1294
1838,3650,3650,45,33794,4.5,1295
1839,3651,3651,45,34072,3.0,1956
1840,3652,3652,45,34150,3.5,1297
1841,3653,3653,45,34332,4.0,1957
1842,3654,3654,45,36519,5.0,1958
1843,3655,3655,45,37386,4.0,1305
1844,3656,3656,45,38038,4.0,1024
1845,541,541,46,3,3.0,1570
1846,542,542,46,7,3.0,1571
1847,543,543,46,11,4.0,1576
1848,544,544,46,15,2.0,1727
1849,545,545,46,16,3.0,1536
1850,546,546,46,17,2.0,1572
1851,547,547,46,24,3.0,1847
1852,548,548,46,105,2.0,1959
1853,549,549,46,122,2.0,1642
1854,550,550,46,151,3.0,1702
1855,551,551,46,252,2.0,1713
1856,552,552,46,260,5.0,1515
1857,553,553,46,271,3.0,1861
1858,554,554,46,276,2.0,1689
1859,555,555,46,316,3.0,1675
1860,556,556,46,339,3.0,362
1861,557,557,46,348,4.0,630
1862,558,558,46,351,3.0,631
1863,559,559,46,355,3.0,417
1864,560,560,46,356,4.0,365
1865,561,561,46,357,3.0,94
1866,562,562,46,362,3.0,804
1867,563,563,46,364,4.0,185
1868,564,564,46,377,3.0,96
1869,565,565,46,425,3.0,1960
1870,566,566,46,440,4.0,41
1871,567,567,46,480,5.0,43
1872,568,568,46,509,2.0,103
1873,569,569,46,539,4.0,193
1874,570,570,46,553,4.0,374
1875,571,571,46,587,5.0,370
1876,572,572,46,589,5.0,50
1877,573,573,46,590,4.0,106
1878,574,574,46,597,4.0,371
1879,575,575,46,674,2.0,1961
1880,576,576,46,708,3.0,378
1881,577,577,46,736,3.0,4
1882,578,578,46,750,5.0,498
1883,579,579,46,780,4.0,5
1884,580,580,46,788,3.0,8
1885,581,581,46,806,1.0,1962
1886,582,582,46,852,3.0,501
1887,583,583,46,880,3.0,234
1888,584,584,46,899,4.0,1899
1889,585,585,46,908,4.0,1563
1890,586,586,46,912,5.0,1577
1891,587,587,46,914,3.0,1963
1892,588,588,46,920,4.0,1564
1893,589,589,46,922,3.0,1582
1894,590,590,46,924,3.0,267
1895,591,591,46,928,3.0,1964
1896,592,592,46,932,3.0,1965
1897,593,593,46,952,3.0,1966
1898,594,594,46,1017,4.0,1967
1899,595,595,46,1020,3.0,1905
1900,596,596,46,1077,5.0,505
1901,597,597,46,1094,3.0,269
1902,598,598,46,1095,1.0,1751
1903,599,599,46,1097,4.0,270
1904,600,600,46,1101,3.0,1639
1905,601,601,46,1183,3.0,271
1906,602,602,46,1196,5.0,386
1907,603,603,46,1206,2.0,273
1908,604,604,46,1210,5.0,238
1909,605,605,46,1230,3.0,1581
1910,606,606,46,1247,4.0,148
1911,607,607,46,1253,4.0,1968
1912,608,608,46,1256,5.0,253
1913,609,609,46,1259,3.0,110
1914,610,610,46,1265,4.0,239
1915,611,611,46,1270,4.0,275
1916,612,612,46,1271,4.0,256
1917,613,613,46,1272,4.0,1641
1918,614,614,46,1301,3.0,1969
1919,615,615,46,1307,3.0,606
1920,616,616,46,1343,3.0,1970
1921,617,617,46,1357,4.0,290
1922,618,618,46,1385,4.0,1799
1923,619,619,46,1391,2.0,279
1924,620,620,46,1393,3.0,389
1925,621,621,46,1408,3.0,1522
1926,622,622,46,1409,2.0,1971
1927,623,623,46,1441,3.0,1909
1928,624,624,46,1449,4.0,1821
1929,625,625,46,1466,3.0,1757
1930,626,626,46,1513,2.0,1972
1931,627,627,46,1517,3.0,607
1932,628,628,46,1544,4.0,828
1933,629,629,46,1573,3.0,1802
1934,630,630,46,1580,3.0,240
1935,631,631,46,1597,3.0,10
1936,632,632,46,1617,3.0,22
1937,633,633,46,1674,4.0,830
1938,634,634,46,1682,2.0,608
1939,635,635,46,1721,5.0,151
1940,636,636,46,1777,4.0,529
1941,637,637,46,1882,3.0,835
1942,638,638,46,1888,3.0,536
1943,639,639,46,1894,3.0,1973
1944,640,640,46,1911,4.0,1568
1945,641,641,46,1917,4.0,539
1946,642,642,46,1932,3.0,1974
1947,643,643,46,1964,3.0,299
1948,644,644,46,2011,4.0,837
1949,645,645,46,2012,4.0,54
1950,646,646,46,2013,3.0,1975
1951,647,647,46,2018,4.0,81
1952,648,648,46,2028,5.0,28
1953,649,649,46,2054,3.0,55
1954,650,650,46,2067,3.0,1976
1955,651,651,46,2080,4.0,1977
1956,652,652,46,2081,3.0,285
1957,653,653,46,2108,3.0,1978
1958,654,654,46,2112,3.0,1979
1959,655,655,46,2125,3.0,541
1960,656,656,46,2146,3.0,1980
1961,657,657,46,2195,2.0,1981
1962,658,658,46,2243,3.0,1982
1963,659,659,46,2266,2.0,1983
1964,660,660,46,2297,3.0,1984
1965,661,661,46,2311,3.0,847
1966,662,662,46,2316,3.0,1985
1967,663,663,46,2333,3.0,1986
1968,664,664,46,2346,3.0,1987
1969,665,665,46,2363,3.0,1988
1970,666,666,46,2367,3.0,1989
1971,667,667,46,2384,3.0,155
1972,668,668,46,2385,2.0,1990
1973,669,669,46,2390,4.0,1991
1974,670,670,46,2396,3.0,313
1975,671,671,46,2403,4.0,653
1976,672,672,46,2405,4.0,1919
1977,673,673,46,2407,4.0,262
1978,674,674,46,2424,3.0,390
1979,675,675,46,2427,3.0,1388
1980,676,676,46,2463,4.0,1992
1981,677,677,46,2468,2.0,1993
1982,678,678,46,2469,3.0,1994
1983,960,960,47,1,4.5,1507
1984,961,961,47,10,2.5,1533
1985,962,962,47,19,3.5,1534
1986,963,963,47,32,5.0,1510
1987,964,964,47,39,4.5,1591
1988,965,965,47,65,2.0,1780
1989,966,966,47,110,4.0,1530
1990,967,967,47,145,3.0,1516
1991,968,968,47,150,5.0,1553
1992,969,969,47,153,3.5,1593
1993,970,970,47,158,4.0,1730
1994,971,971,47,160,4.0,1670
1995,972,972,47,165,4.0,1535
1996,973,973,47,170,5.0,1703
1997,974,974,47,172,5.0,1687
1998,975,975,47,173,5.0,1671
1999,976,976,47,185,4.0,1555
2000,977,977,47,208,4.5,1575
2001,978,978,47,231,4.0,1557
2002,979,979,47,253,4.5,1558
2003,980,980,47,256,5.0,1789
2004,981,981,47,260,5.0,1515
2005,982,982,47,286,0.5,1995
2006,983,983,47,296,3.5,1541
2007,984,984,47,316,3.5,1675
2008,985,985,47,318,5.0,798
2009,986,986,47,344,3.5,363
2010,987,987,47,356,5.0,365
2011,988,988,47,364,4.0,185
2012,989,989,47,367,4.0,95
2013,990,990,47,377,4.0,96
2014,991,991,47,380,5.0,97
2015,992,992,47,384,3.5,1996
2016,993,993,47,405,3.5,809
2017,994,994,47,410,4.0,98
2018,995,995,47,441,1.5,1692
2019,996,996,47,442,4.5,100
2020,997,997,47,480,5.0,43
2021,998,998,47,500,4.5,102
2022,999,999,47,519,1.0,45
2023,1000,1000,47,527,4.5,144
2024,1001,1001,47,531,4.5,47
2025,1002,1002,47,541,4.5,1622
2026,1003,1003,47,546,5.0,823
2027,1004,1004,47,551,5.0,421
2028,1005,1005,47,586,4.0,49
2029,1006,1006,47,587,4.5,370
2030,1007,1007,47,588,5.0,105
2031,1008,1008,47,589,4.5,50
2032,1009,1009,47,592,4.5,194
2033,1010,1010,47,593,5.0,107
2034,1011,1011,47,595,4.5,108
2035,1012,1012,47,597,4.5,371
2036,1013,1013,47,608,3.5,0
2037,1014,1014,47,610,4.0,423
2038,1015,1015,47,611,3.5,1997
2039,1016,1016,47,616,4.0,825
2040,1017,1017,47,631,2.0,376
2041,1018,1018,47,648,4.0,1
2042,1019,1019,47,653,4.5,2
2043,1020,1020,47,671,0.5,377
2044,1021,1021,47,673,5.0,1599
2045,1022,1022,47,736,5.0,4
2046,1023,1023,47,741,4.5,1998
2047,1024,1024,47,761,3.5,230
2048,1025,1025,47,780,5.0,5
2049,1026,1026,47,784,3.5,6
2050,1027,1027,47,828,4.0,233
2051,1028,1028,47,858,2.5,502
2052,1029,1029,47,880,5.0,234
2053,1030,1030,47,968,5.0,1809
2054,1031,1031,47,1028,4.0,381
2055,1032,1032,47,1029,3.5,1999
2056,1033,1033,47,1032,4.0,2000
2057,1034,1034,47,1036,4.0,383
2058,1035,1035,47,1046,4.5,2001
2059,1036,1036,47,1064,3.0,2002
2060,1037,1037,47,1073,5.0,9
2061,1038,1038,47,1077,0.5,505
2062,1039,1039,47,1093,3.0,1543
2063,1040,1040,47,1097,4.5,270
2064,1041,1041,47,1136,4.5,236
2065,1042,1042,47,1168,4.5,2003
2066,1043,1043,47,1169,1.5,2004
2067,1044,1044,47,1196,5.0,386
2068,1045,1045,47,1197,4.0,237
2069,1046,1046,47,1198,4.0,387
2070,1047,1047,47,1200,5.0,513
2071,1048,1048,47,1210,4.5,238
2072,1049,1049,47,1213,1.5,66
2073,1050,1050,47,1214,5.0,515
2074,1051,1051,47,1215,3.0,1551
2075,1052,1052,47,1225,5.0,518
2076,1053,1053,47,1240,5.0,146
2077,1054,1054,47,1253,4.0,1968
2078,1055,1055,47,1255,4.0,2005
2079,1056,1056,47,1270,5.0,275
2080,1057,1057,47,1274,5.0,1816
2081,1058,1058,47,1291,4.5,388
2082,1059,1059,47,1320,5.0,1521
2083,1060,1060,47,1321,4.0,1827
2084,1061,1061,47,1339,5.0,67
2085,1062,1062,47,1367,3.5,2006
2086,1063,1063,47,1387,4.0,111
2087,1064,1064,47,1391,4.0,279
2088,1065,1065,47,1432,1.0,2007
2089,1066,1066,47,1527,4.5,281
2090,1067,1067,47,1544,5.0,828
2091,1068,1068,47,1580,5.0,240
2092,1069,1069,47,1584,4.0,282
2093,1070,1070,47,1591,5.0,2008
2094,1071,1071,47,1653,5.0,521
2095,1072,1072,47,1676,4.5,27
2096,1073,1073,47,1688,3.0,2009
2097,1074,1074,47,1690,5.0,2010
2098,1075,1075,47,1721,4.0,151
2099,1076,1076,47,1748,5.0,1665
2100,1077,1077,47,1862,1.0,2011
2101,1078,1078,47,1876,4.5,834
2102,1079,1079,47,1882,4.0,835
2103,1080,1080,47,1917,5.0,539
2104,1081,1081,47,1961,3.5,112
2105,1082,1082,47,1977,0.5,2012
2106,1083,1083,47,1982,1.0,2013
2107,1084,1084,47,2004,4.5,2014
2108,1085,1085,47,2011,5.0,837
2109,1086,1086,47,2012,5.0,54
2110,1087,1087,47,2018,4.0,81
2111,1088,1088,47,2023,2.0,13
2112,1089,1089,47,2028,5.0,28
2113,1090,1090,47,2042,4.0,2015
2114,1091,1091,47,2105,4.5,842
2115,1092,1092,47,2107,0.5,2016
2116,1093,1093,47,2123,2.5,2017
2117,1094,1094,47,2124,3.5,2018
2118,1095,1095,47,2134,5.0,2019
2119,1096,1096,47,2140,5.0,844
2120,1097,1097,47,2143,3.0,1839
2121,1098,1098,47,2153,3.5,2020
2122,1099,1099,47,2232,4.5,2021
2123,1100,1100,47,2240,4.5,2022
2124,1101,1101,47,2291,5.0,340
2125,1102,1102,47,2294,3.5,428
2126,1103,1103,47,2313,4.5,2023
2127,1104,1104,47,2355,4.0,547
2128,1105,1105,47,2378,3.0,2024
2129,1106,1106,47,2396,4.5,313
2130,1107,1107,47,2420,3.0,961
2131,1108,1108,47,2428,5.0,851
2132,1109,1109,47,2455,5.0,342
2133,1110,1110,47,2571,5.0,57
2134,1111,1111,47,2572,5.0,1726
2135,1112,1112,47,2600,5.0,1395
2136,1113,1113,47,2628,4.5,864
2137,1114,1114,47,2641,3.0,660
2138,1115,1115,47,2642,4.0,661
2139,1116,1116,47,2683,0.5,29
2140,1117,1117,47,2688,3.5,1397
2141,1118,1118,47,2706,4.0,616
2142,1119,1119,47,2716,5.0,316
2143,1120,1120,47,2717,4.5,2025
2144,1121,1121,47,2720,4.0,2026
2145,1122,1122,47,2722,4.5,868
2146,1123,1123,47,2761,4.5,391
2147,1124,1124,47,2762,5.0,243
2148,1125,1125,47,2793,5.0,2027
2149,1126,1126,47,2810,3.5,2028
2150,1127,1127,47,2827,4.0,2029
2151,1128,1128,47,2840,4.0,1405
2152,1129,1129,47,2858,5.0,71
2153,1130,1130,47,2916,5.0,665
2154,1131,1131,47,2959,4.5,392
2155,1132,1132,47,2985,3.5,72
2156,1133,1133,47,2990,0.5,2030
2157,1134,1134,47,3000,5.0,739
2158,1135,1135,47,3033,4.0,874
2159,1136,1136,47,3054,4.0,2031
2160,1137,1137,47,3083,3.5,1768
2161,1138,1138,47,3113,5.0,1412
2162,1139,1139,47,3114,5.0,668
2163,1140,1140,47,3159,5.0,345
2164,1141,1141,47,3213,3.0,2032
2165,1142,1142,47,3247,4.5,2033
2166,1143,1143,47,3269,5.0,971
2167,1144,1144,47,3300,4.0,1428
2168,1145,1145,47,3396,0.5,248
2169,1146,1146,47,3438,4.5,744
2170,1147,1147,47,3525,5.0,670
2171,1148,1148,47,3527,4.5,87
2172,1149,1149,47,3535,2.0,440
2173,1150,1150,47,3578,4.5,33
2174,1151,1151,47,3697,4.5,2034
2175,1152,1152,47,3702,4.0,1441
2176,1153,1153,47,3703,3.0,352
2177,1154,1154,47,3704,3.5,2035
2178,1155,1155,47,3745,4.5,205
2179,1156,1156,47,3752,3.5,207
2180,1157,1157,47,3753,5.0,34
2181,1158,1158,47,3793,5.0,210
2182,1159,1159,47,3826,3.5,1181
2183,1160,1160,47,3863,3.5,1444
2184,1161,1161,47,3864,4.0,1184
2185,1162,1162,47,3892,4.0,2036
2186,1163,1163,47,3897,4.0,168
2187,1164,1164,47,3969,5.0,1456
2188,1165,1165,47,3980,4.0,673
2189,1166,1166,47,3988,4.0,1186
2190,1167,1167,47,3991,3.0,2037
2191,1168,1168,47,3994,5.0,130
2192,1169,1169,47,4006,2.0,675
2193,1170,1170,47,4015,2.0,677
2194,1171,1171,47,4052,2.5,681
2195,1172,1172,47,4054,4.0,1463
2196,1173,1173,47,4105,2.0,732
2197,1174,1174,47,4133,3.5,752
2198,1175,1175,47,4226,5.0,73
2199,1176,1176,47,4232,2.5,1923
2200,1177,1177,47,4235,5.0,1471
2201,1178,1178,47,4246,3.0,117
2202,1179,1179,47,4262,2.0,683
2203,1180,1180,47,4299,5.0,1478
2204,1181,1181,47,4306,4.5,62
2205,1182,1182,47,4340,4.0,2038
2206,1183,1183,47,4343,3.0,1924
2207,1184,1184,47,4366,4.5,977
2208,1185,1185,47,4370,5.0,1196
2209,1186,1186,47,4388,5.0,1481
2210,1187,1187,47,4446,4.5,753
2211,1188,1188,47,4492,4.0,2039
2212,1189,1189,47,4533,3.5,141
2213,1190,1190,47,4571,5.0,755
2214,1191,1191,47,4638,5.0,1201
2215,1192,1192,47,4643,4.5,1202
2216,1193,1193,47,4718,3.0,1495
2217,1194,1194,47,4792,4.0,2040
2218,1195,1195,47,4850,3.0,2041
2219,1196,1196,47,4868,2.5,2042
2220,1197,1197,47,4878,5.0,758
2221,1198,1198,47,4887,5.0,1499
2222,1199,1199,47,4896,5.0,759
2223,1200,1200,47,4973,3.5,172
2224,1201,1201,47,4974,4.5,2043
2225,1202,1202,47,4993,5.0,120
2226,1203,1203,47,4995,4.0,121
2227,1204,1204,47,5046,4.5,2044
2228,1205,1205,47,5151,4.0,2045
2229,1206,1206,47,5152,4.5,2046
2230,1207,1207,47,5171,5.0,768
2231,1208,1208,47,5219,5.0,1886
2232,1209,1209,47,5220,3.0,2047
2233,1210,1210,47,5225,4.0,553
2234,1211,1211,47,5266,4.5,2048
2235,2537,2537,48,1,4.0,1507
2236,2538,2538,48,5,2.0,1546
2237,2539,2539,48,6,4.0,1508
2238,2540,2540,48,7,3.0,1571
2239,2541,2541,48,10,3.0,1533
2240,2542,2542,48,16,5.0,1536
2241,2543,2543,48,18,5.0,2049
2242,2544,2544,48,21,3.0,1590
2243,2545,2545,48,24,4.0,1847
2244,2546,2546,48,25,5.0,1509
2245,2547,2547,48,32,4.0,1510
2246,2548,2548,48,34,4.0,1573
2247,2549,2549,48,36,3.0,1511
2248,2550,2550,48,39,3.0,1591
2249,2551,2551,48,47,4.0,1618
2250,2552,2552,48,50,5.0,1539
2251,2553,2553,48,62,3.0,1607
2252,2554,2554,48,69,4.0,1793
2253,2555,2555,48,73,4.0,2050
2254,2556,2556,48,89,3.0,2051
2255,2557,2557,48,95,4.0,1513
2256,2558,2558,48,104,5.0,1574
2257,2559,2559,48,110,4.0,1530
2258,2560,2560,48,112,2.0,1514
2259,2561,2561,48,150,3.0,1553
2260,2562,2562,48,151,3.0,1702
2261,2563,2563,48,161,3.0,1554
2262,2564,2564,48,163,3.0,1517
2263,2565,2565,48,165,4.0,1535
2264,2566,2566,48,177,4.0,2052
2265,2567,2567,48,188,5.0,1672
2266,2568,2568,48,198,1.0,2053
2267,2569,2569,48,216,5.0,1540
2268,2570,2570,48,223,5.0,1643
2269,2571,2571,48,231,4.0,1557
2270,2572,2572,48,246,4.0,1594
2271,2573,2573,48,253,5.0,1558
2272,2574,2574,48,260,5.0,1515
2273,2575,2575,48,266,5.0,1559
2274,2576,2576,48,288,4.0,1674
2275,2577,2577,48,292,4.0,1561
2276,2578,2578,48,295,2.0,2054
2277,2579,2579,48,296,5.0,1541
2278,2580,2580,48,300,3.0,1595
2279,2581,2581,48,316,3.0,1675
2280,2582,2582,48,317,4.0,456
2281,2583,2583,48,318,5.0,798
2282,2584,2584,48,329,3.0,800
2283,2585,2585,48,337,2.0,445
2284,2586,2586,48,339,3.0,362
2285,2587,2587,48,344,5.0,363
2286,2588,2588,48,349,3.0,364
2287,2589,2589,48,350,3.0,372
2288,2590,2590,48,353,4.0,416
2289,2591,2591,48,356,5.0,365
2290,2592,2592,48,357,4.0,94
2291,2593,2593,48,358,2.0,803
2292,2594,2594,48,367,4.0,95
2293,2595,2595,48,368,2.0,448
2294,2596,2596,48,372,2.0,418
2295,2597,2597,48,377,4.0,96
2296,2598,2598,48,380,4.0,97
2297,2599,2599,48,383,3.0,808
2298,2600,2600,48,410,3.0,98
2299,2601,2601,48,423,3.0,2055
2300,2602,2602,48,431,3.0,40
2301,2603,2603,48,437,1.0,813
2302,2604,2604,48,440,3.0,41
2303,2605,2605,48,441,4.0,1692
2304,2606,2606,48,450,2.0,458
2305,2607,2607,48,457,5.0,187
2306,2608,2608,48,468,1.0,450
2307,2609,2609,48,480,3.0,43
2308,2610,2610,48,491,2.0,818
2309,2611,2611,48,500,4.0,102
2310,2612,2612,48,508,3.0,190
2311,2613,2613,48,514,4.0,637
2312,2614,2614,48,524,2.0,820
2313,2615,2615,48,529,4.0,375
2314,2616,2616,48,539,4.0,193
2315,2617,2617,48,541,3.0,1622
2316,2618,2618,48,543,2.0,640
2317,2619,2619,48,553,4.0,374
2318,2620,2620,48,555,4.0,104
2319,2621,2621,48,587,4.0,370
2320,2622,2622,48,588,4.0,105
2321,2623,2623,48,589,4.0,50
2322,2624,2624,48,590,4.0,106
2323,2625,2625,48,593,4.0,107
2324,2626,2626,48,597,3.0,371
2325,2627,2627,48,608,2.0,0
2326,2628,2628,48,647,3.0,2056
2327,2629,2629,48,648,4.0,1
2328,2630,2630,48,662,3.0,2057
2329,2631,2631,48,663,4.0,2058
2330,2632,2632,48,724,2.0,228
2331,2633,2633,48,725,2.0,229
2332,2634,2634,48,733,4.0,3
2333,2635,2635,48,778,5.0,453
2334,2636,2636,48,780,4.0,5
2335,2637,2637,48,785,5.0,231
2336,2638,2638,48,802,3.0,232
2337,2639,2639,48,805,3.0,2059
2338,2640,2640,48,832,3.0,380
2339,2641,2641,48,852,3.0,501
2340,2642,2642,48,861,1.0,2060
2341,2643,2643,48,991,4.0,2061
2342,2644,2644,48,1015,3.0,2062
2343,2645,2645,48,1036,4.0,383
2344,2646,2646,48,1059,5.0,1626
2345,2647,2647,48,1060,5.0,1647
2346,2648,2648,48,1061,1.0,1550
2347,2649,2649,48,1073,2.0,9
2348,2650,2650,48,1089,5.0,506
2349,2651,2651,48,1092,4.0,1627
2350,2652,2652,48,1093,4.0,1543
2351,2653,2653,48,1120,4.0,1776
2352,2654,2654,48,1121,4.0,1661
2353,2655,2655,48,1127,3.0,1869
2354,2656,2656,48,1129,3.0,1544
2355,2657,2657,48,1147,4.0,2063
2356,2658,2658,48,1183,2.0,271
2357,2659,2659,48,1196,5.0,386
2358,2660,2660,48,1197,4.0,237
2359,2661,2661,48,1200,5.0,513
2360,2662,2662,48,1206,5.0,273
2361,2663,2663,48,1210,5.0,238
2362,2664,2664,48,1213,5.0,66
2363,2665,2665,48,1214,5.0,515
2364,2666,2666,48,1215,3.0,1551
2365,2667,2667,48,1222,5.0,1580
2366,2668,2668,48,1233,5.0,519
2367,2669,2669,48,1240,5.0,146
2368,2670,2670,48,1258,5.0,1777
2369,2671,2671,48,1265,3.0,239
2370,2672,2672,48,1266,1.0,1815
2371,2673,2673,48,1268,4.0,1755
2372,2674,2674,48,1270,4.0,275
2373,2675,2675,48,1339,3.0,67
2374,2676,2676,48,1343,5.0,1970
2375,2677,2677,48,1356,3.0,1664
2376,2678,2678,48,1357,5.0,290
2377,2679,2679,48,1358,4.0,68
2378,2680,2680,48,1370,4.0,1797
2379,2681,2681,48,1372,3.0,257
2380,2682,2682,48,1374,4.0,1831
2381,2683,2683,48,1375,5.0,1874
2382,2684,2684,48,1379,4.0,2064
2383,2685,2685,48,1393,4.0,389
2384,2686,2686,48,1401,3.0,2065
2385,2687,2687,48,1405,4.0,1697
2386,2688,2688,48,1407,5.0,280
2387,2689,2689,48,1408,4.0,1522
2388,2690,2690,48,1441,1.0,1909
2389,2691,2691,48,1457,3.0,2066
2390,2692,2692,48,1466,3.0,1757
2391,2693,2693,48,1476,4.0,2067
2392,2694,2694,48,1479,3.0,1527
2393,2695,2695,48,1485,4.0,1528
2394,2696,2696,48,1500,3.0,690
2395,2697,2697,48,1517,5.0,607
2396,2698,2698,48,1527,4.0,281
2397,2699,2699,48,1539,3.0,2068
2398,2700,2700,48,1552,4.0,1801
2399,2701,2701,48,1573,5.0,1802
2400,2702,2702,48,1580,5.0,240
2401,2703,2703,48,1584,1.0,282
2402,2704,2704,48,1586,4.0,1529
2403,2705,2705,48,1589,2.0,2069
2404,2706,2706,48,1590,4.0,2070
2405,2707,2707,48,1594,5.0,2071
2406,2708,2708,48,1597,3.0,10
2407,2709,2709,48,1608,4.0,21
2408,2710,2710,48,1610,5.0,1531
2409,2711,2711,48,1611,1.0,2072
2410,2712,2712,48,1614,3.0,2073
2411,2713,2713,48,1617,4.0,22
2412,2714,2714,48,1619,3.0,2074
2413,2715,2715,48,1620,3.0,23
2414,2716,2716,48,1625,4.0,11
2415,2717,2717,48,1639,5.0,520
2416,2718,2718,48,1641,3.0,25
2417,2719,2719,48,1645,2.0,2075
2418,2720,2720,48,1647,1.0,2076
2419,2721,2721,48,1653,5.0,521
2420,2722,2722,48,1673,4.0,12
2421,2723,2723,48,1676,4.0,27
2422,2724,2724,48,1680,5.0,1724
2423,2725,2725,48,1682,4.0,608
2424,2726,2726,48,1687,4.0,2077
2425,2727,2727,48,1704,4.0,523
2426,2728,2728,48,1719,3.0,524
2427,2729,2729,48,1721,4.0,151
2428,2730,2730,48,1722,3.0,525
2429,2731,2731,48,1727,2.0,609
2430,2732,2732,48,1729,2.0,526
2431,2733,2733,48,1732,2.0,527
2432,2734,2734,48,1735,3.0,2078
2433,2735,2735,48,1753,3.0,1653
2434,2736,2736,48,1777,4.0,529
2435,2737,2737,48,1784,4.0,610
2436,2738,2738,48,1804,3.0,531
2437,2739,2739,48,1873,3.0,2079
2438,2740,2740,48,1883,3.0,2080
2439,2741,2741,48,1892,2.0,537
2440,2742,2742,48,1895,3.0,538
2441,2743,2743,48,1909,3.0,80
2442,2744,2744,48,1911,4.0,1568
2443,2745,2745,48,1912,2.0,1805
2444,2746,2746,48,1918,3.0,259
2445,2747,2747,48,1921,5.0,691
2446,2748,2748,48,1923,5.0,424
2447,2749,2749,48,1955,3.0,1763
2448,2750,2750,48,1982,4.0,2013
2449,2751,2751,48,2002,3.0,1532
2450,2752,2752,48,2005,3.0,693
2451,2753,2753,48,2006,3.0,540
2452,2754,2754,48,2011,4.0,837
2453,2755,2755,48,2012,3.0,54
2454,2756,2756,48,2021,4.0,1837
2455,2757,2757,48,2023,4.0,13
2456,2758,2758,48,2025,2.0,2081
2457,2759,2759,48,2028,5.0,28
2458,2760,2760,48,2041,3.0,2082
2459,2761,2761,48,2046,4.0,839
2460,2762,2762,48,2058,3.0,153
2461,2763,2763,48,2108,4.0,1978
2462,2764,2764,48,2155,3.0,2083
2463,2765,2765,48,2167,4.0,542
2464,2766,2766,48,2190,3.0,2084
2465,2767,2767,48,2195,2.0,1981
2466,2768,2768,48,2231,3.0,1879
2467,2769,2769,48,2268,3.0,651
2468,2770,2770,48,2269,2.0,2085
2469,2771,2771,48,2273,3.0,2086
2470,2772,2772,48,2278,2.0,261
2471,2773,2773,48,2288,4.0,699
2472,2774,2774,48,2289,3.0,427
2473,2775,2775,48,2294,3.0,428
2474,2776,2776,48,2296,4.0,2087
2475,2777,2777,48,2297,3.0,1984
2476,2778,2778,48,2302,3.0,15
2477,2779,2779,48,2321,3.0,163
2478,2780,2780,48,2324,4.0,83
2479,2781,2781,48,2329,5.0,429
2480,2782,2782,48,2336,2.0,2088
2481,2783,2783,48,2340,3.0,546
2482,2784,2784,48,2353,4.0,16
2483,2785,2785,48,2355,4.0,547
2484,2786,2786,48,2369,2.0,2089
2485,2787,2787,48,2396,4.0,313
2486,2788,2788,48,2421,3.0,2090
2487,2789,2789,48,2425,3.0,702
