,Unnamed: 0,userId,movieId,rating,movie_idx
4315,4315,38,608,4.0,604
4316,4316,38,648,4.0,642
4317,4317,38,653,3.0,647
4318,4318,38,733,4.0,723
4319,4319,38,736,3.0,726
4320,4320,38,780,3.0,769
4321,4321,38,784,3.0,773
4322,4322,38,786,4.0,775
4323,4323,38,788,3.0,777
4324,4324,38,1073,3.0,1054
4201,4201,35,1597,3.5,1547
4202,4202,35,1625,2.5,1573
4203,4203,35,1673,2.5,1618
4204,4204,35,2023,3.5,1941
4205,4205,35,2100,2.0,2018
4206,4206,35,2302,3.0,2219
4207,4207,35,2353,4.0,2270
4208,4208,35,2712,1.0,2628
4209,4209,35,2770,3.0,2686
4210,4210,35,58293,3.5,12542
4221,4221,36,1593,2.0,1543
4222,4222,36,1597,3.0,1547
4223,4223,36,1608,4.0,1557
4224,4224,36,1617,5.0,1566
4225,4225,36,1620,3.0,1568
4226,4226,36,1632,1.0,1580
4227,4227,36,1641,4.0,1586
4228,4228,36,1661,4.0,1606
4229,4229,36,1673,4.0,1618
4230,4230,36,1676,2.0,1621
1927,1927,16,2028,5.0,1946
1928,1928,16,2353,4.0,2270
1929,1929,16,2683,5.0,2599
1930,1930,16,3082,4.0,2997
1931,1931,16,3101,5.0,3016
1932,1932,16,3256,5.0,3171
1933,1933,16,3578,5.0,3489
1934,1934,16,3753,5.0,3664
1935,1935,16,3755,4.0,3666
1936,1936,16,3996,4.0,3904
1937,1937,16,4019,4.0,3927
1938,1938,16,4639,4.0,4547
1939,1939,16,4700,3.0,4608
437,437,3,431,4.0,429
438,438,3,440,3.0,438
439,439,3,454,5.0,452
440,440,3,480,4.0,478
441,441,3,489,4.0,487
442,442,3,519,3.0,517
443,443,3,520,4.0,518
444,444,3,531,3.0,529
445,445,3,548,3.0,546
446,446,3,586,4.0,582
447,447,3,589,4.0,585
448,448,3,594,4.0,590
449,449,3,596,4.0,592
450,450,3,733,5.0,723
2125,2125,19,1994,4.0,1912
2126,2126,19,2012,3.5,1930
2127,2127,19,2023,4.0,1941
2128,2128,19,2054,2.5,1972
2129,2129,19,2115,3.5,2033
2130,2130,19,2571,4.0,2488
2131,2131,19,2710,4.0,2626
2132,2132,19,2987,3.0,2903
2133,2133,19,3176,3.0,3091
2134,2134,19,3785,3.0,3696
2135,2135,19,4306,3.5,4214
2136,2136,19,4351,3.5,4259
2137,2137,19,5952,3.5,5856
2138,2138,19,6807,3.5,6700
4958,4958,48,1213,4.0,1189
4959,4959,48,1339,3.0,1311
4960,4960,48,1358,4.0,1330
4961,4961,48,2019,4.5,1937
4962,4962,48,2302,3.0,2219
4963,4963,48,2541,3.5,2458
4964,4964,48,2571,4.0,2488
4965,4965,48,2858,3.5,2774
4966,4966,48,2985,4.0,2901
4967,4967,48,4226,4.0,4134
4968,4968,48,4310,3.5,4218
4969,4969,48,5618,4.0,5522
4970,4970,48,7502,5.0,7359
4971,4971,48,58559,4.0,12582
4972,4972,48,79132,4.5,15580
3518,3518,29,1376,3.0,1347
3519,3519,29,1909,2.5,1827
3520,3520,29,2018,3.0,1936
3521,3521,29,2238,4.5,2155
3522,3522,29,2324,5.0,2241
3523,3523,29,2699,2.5,2615
3524,3524,29,2985,3.0,2901
3525,3525,29,2986,2.5,2902
3526,3526,29,3147,5.0,3062
3527,3527,29,3527,3.5,3439
3528,3528,29,6378,2.5,6275
3529,3529,29,6537,2.0,6430
3530,3530,29,6893,2.5,6786
3531,3531,29,7885,2.0,7535
3532,3532,29,8810,3.0,8130
3533,3533,29,30707,4.5,9631
3310,3310,27,357,4.0,355
3311,3311,27,367,2.0,365
3312,3312,27,377,3.0,375
3313,3313,27,380,2.0,378
3314,3314,27,410,5.0,408
3315,3315,27,417,1.0,415
3316,3316,27,442,3.0,440
3317,3317,27,477,3.0,475
3318,3318,27,480,2.0,478
3319,3319,27,500,3.0,498
3320,3320,27,509,4.0,507
3321,3321,27,555,5.0,553
3322,3322,27,588,3.0,584
3323,3323,27,590,1.0,586
3324,3324,27,593,3.0,589
3325,3325,27,595,3.0,591
4611,4611,43,1208,4.0,1184
4612,4612,43,1259,4.0,1233
4613,4613,43,1387,2.0,1358
4614,4614,43,1961,5.0,1879
4615,4615,43,2115,4.0,2033
4616,4616,43,2401,4.0,2318
4617,4617,43,3421,4.0,3334
4618,4618,43,3678,4.0,3589
4619,4619,43,3764,4.0,3675
4620,4620,43,4246,3.0,4154
4621,4621,43,4534,5.0,4442
4622,4622,43,4790,5.0,4697
4623,4623,43,4993,5.0,4900
4624,4624,43,4995,5.0,4902
4625,4625,43,5246,3.0,5152
4626,4626,43,5464,4.0,5370
4627,4627,43,5816,5.0,5720
904,904,8,3016,2.0,2932
905,905,8,3785,2.0,3696
906,906,8,3798,5.0,3709
907,907,8,3857,3.0,3766
908,908,8,3908,2.0,3817
909,909,8,3979,3.0,3887
910,910,8,3994,3.0,3902
911,911,8,3999,2.0,3907
912,912,8,4022,4.0,3930
913,913,8,4030,2.0,3938
914,914,8,4034,1.0,3942
915,915,8,4148,5.0,4056
916,916,8,4369,4.0,4277
917,917,8,4483,2.0,4391
918,918,8,4502,1.0,4410
919,919,8,4509,3.0,4417
920,920,8,4519,2.0,4427
921,921,8,4533,3.0,4441
1482,1482,11,376,3.0,374
1483,1483,11,380,4.0,378
1484,1484,11,480,3.0,478
1485,1485,11,494,3.0,492
1486,1486,11,527,4.0,525
1487,1487,11,585,3.0,581
1488,1488,11,589,4.0,585
1489,1489,11,590,3.0,586
1490,1490,11,595,4.0,591
1491,1491,11,608,5.0,604
1492,1492,11,648,3.0,642
1493,1493,11,653,4.0,647
1494,1494,11,733,4.0,723
1495,1495,11,736,3.0,726
1496,1496,11,780,3.0,769
1497,1497,11,784,4.0,773
1498,1498,11,786,4.0,775
1499,1499,11,788,4.0,777
941,941,9,1240,4.0,1214
942,942,9,1242,4.0,1216
943,943,9,1247,5.0,1221
944,944,9,1250,4.0,1224
945,945,9,1304,3.0,1277
946,946,9,1387,5.0,1358
947,947,9,1721,4.0,1663
948,948,9,1960,3.0,1878
949,949,9,2028,4.0,1946
950,950,9,2058,3.0,1976
951,951,9,2194,4.0,2112
952,952,9,2384,4.0,2301
953,953,9,2529,3.0,2446
954,954,9,2657,4.0,2573
955,955,9,2797,4.0,2713
956,956,9,2944,4.0,2860
957,957,9,2948,4.0,2864
958,958,9,3062,4.0,2977
959,959,9,3107,3.0,3022
4650,4650,44,2321,3.0,2238
4651,4651,44,2502,4.0,2419
4652,4652,44,2640,0.5,2557
4653,4653,44,3475,2.0,3388
4654,4654,44,3548,5.0,3459
4655,4655,44,3897,3.5,3806
4656,4656,44,3977,2.0,3885
4657,4657,44,4801,3.5,4708
4658,4658,44,4920,4.0,4827
4659,4659,44,4973,4.0,4880
4660,4660,44,5135,4.5,5042
4661,4661,44,5878,4.0,5782
4662,4662,44,6331,3.0,6235
4663,4663,44,6867,4.0,6760
4664,4664,44,7139,3.5,7030
4665,4665,44,7153,3.0,7044
4666,4666,44,8228,2.5,7712
4667,4667,44,8607,4.0,7927
4668,4668,44,33166,3.0,10122
4669,4669,44,33639,3.0,10198
4670,4670,44,45440,4.0,11075
4671,4671,44,47610,3.5,11304
1829,1829,14,364,4.0,362
1830,1830,14,377,3.0,375
1831,1831,14,380,3.0,378
1832,1832,14,434,2.0,432
1833,1833,14,440,3.0,438
1834,1834,14,457,4.0,455
1835,1835,14,474,4.0,472
1836,1836,14,480,3.0,478
1837,1837,14,497,3.0,495
1838,1838,14,500,3.0,498
1839,1839,14,508,3.0,506
1840,1840,14,515,4.0,513
1841,1841,14,527,5.0,525
1842,1842,14,534,3.0,532
1843,1843,14,539,4.0,537
1844,1844,14,586,3.0,582
1845,1845,14,588,3.0,584
1846,1846,14,590,3.0,586
1847,1847,14,592,3.0,588
1848,1848,14,593,3.0,589
1849,1849,14,594,4.0,590
1850,1850,14,595,3.0,591
1851,1851,14,596,4.0,592
1852,1852,14,608,4.0,604
1853,1853,14,780,3.0,769
3878,3878,32,2949,4.0,2865
3879,3879,32,3263,3.0,3178
3880,3880,32,3301,4.0,3216
3881,3881,32,3386,2.0,3300
3882,3882,32,3593,1.0,3504
3883,3883,32,3596,1.0,3507
3884,3884,32,3623,3.0,3534
3885,3885,32,3646,1.0,3557
3886,3886,32,3654,4.0,3565
3887,3887,32,3717,2.0,3628
3888,3888,32,3745,3.0,3656
3889,3889,32,3751,5.0,3662
3890,3890,32,3752,1.0,3663
3891,3891,32,3753,1.0,3664
3892,3892,32,3754,4.0,3665
3893,3893,32,3760,5.0,3671
3894,3894,32,3793,5.0,3704
3895,3895,32,3799,1.0,3710
3896,3896,32,3809,2.0,3720
3897,3897,32,3814,4.0,3725
3898,3898,32,3821,1.0,3731
3899,3899,32,3836,5.0,3746
3900,3900,32,3868,5.0,3777
3901,3901,32,3869,2.0,3778
3902,3902,32,3873,5.0,3782
2086,2086,18,494,4.0,492
2087,2087,18,608,5.0,604
2088,2088,18,609,4.0,605
2089,2089,18,628,4.0,623
2090,2090,18,637,3.0,632
2091,2091,18,648,3.0,642
2092,2092,18,656,5.0,650
2093,2093,18,661,3.0,655
2094,2094,18,694,4.0,684
2095,2095,18,707,3.0,697
2096,2096,18,710,5.0,700
2097,2097,18,719,3.0,709
2098,2098,18,724,4.0,714
2099,2099,18,725,4.0,715
2100,2100,18,733,4.0,723
2101,2101,18,736,4.0,726
2102,2102,18,761,3.0,750
2103,2103,18,780,4.0,769
2104,2104,18,785,3.0,774
2105,2105,18,786,4.0,775
2106,2106,18,788,4.0,777
2107,2107,18,802,4.0,791
2108,2108,18,828,3.0,815
2109,2109,18,880,3.0,866
2110,2110,18,1073,5.0,1054
4819,4819,46,1013,2.0,996
4820,4820,46,1073,3.0,1054
4821,4821,46,1136,4.0,1115
4822,4822,46,1197,5.0,1174
4823,4823,46,1210,3.0,1186
4824,4824,46,1265,3.0,1239
4825,4825,46,1580,1.0,1530
4826,4826,46,1721,2.5,1663
4827,4827,46,2301,5.0,2218
4828,4828,46,2719,1.0,2635
4829,4829,46,2762,2.5,2678
4830,4830,46,2857,2.5,2773
4831,4831,46,2858,3.0,2774
4832,4832,46,3157,0.5,3072
4833,4833,46,3186,3.0,3101
4834,4834,46,3301,0.5,3216
4835,4835,46,3360,0.5,3275
4836,4836,46,3396,4.0,3310
4837,4837,46,3893,1.5,3802
4838,4838,46,4002,4.0,3910
4839,4839,46,4023,0.5,3931
4840,4840,46,4306,3.5,4214
4841,4841,46,4993,4.5,4900
4842,4842,46,5952,4.0,5856
4843,4843,46,66130,3.5,13471
4482,4482,41,1250,3.0,1224
4483,4483,41,1256,3.0,1230
4484,4484,41,1262,3.5,1236
4485,4485,41,1267,4.0,1241
4486,4486,41,1271,4.0,1245
4487,4487,41,1372,5.0,1343
4488,4488,41,1569,5.0,1520
4489,4489,41,1918,3.5,1836
4490,4490,41,1945,3.5,1863
4491,4491,41,2019,4.0,1937
4492,4492,41,2278,4.5,2195
4493,4493,41,2407,3.5,2324
4494,4494,41,2571,4.0,2488
4495,4495,41,2858,4.5,2774
4496,4496,41,3255,4.0,3170
4497,4497,41,3256,4.5,3171
4498,4498,41,3468,4.5,3381
4499,4499,41,3717,4.0,3628
4500,4500,41,3755,4.5,3666
4501,4501,41,3911,4.0,3820
4502,4502,41,4226,4.5,4134
4503,4503,41,4993,4.5,4900
4504,4504,41,5952,4.5,5856
4505,4505,41,7153,4.5,7044
4506,4506,41,7361,4.5,7252
4507,4507,41,58559,4.5,12582
4998,4998,49,924,5.0,909
4999,4999,49,1080,5.0,1060
5000,5000,49,1094,4.0,1074
5001,5001,49,1097,4.0,1077
5002,5002,49,1136,5.0,1115
5003,5003,49,1183,4.0,1161
5004,5004,49,1193,4.5,1171
5005,5005,49,1206,4.0,1182
5006,5006,49,1208,4.5,1184
5007,5007,49,1246,4.5,1220
5008,5008,49,1259,5.0,1233
5009,5009,49,1270,5.0,1244
5010,5010,49,1279,4.5,1253
5011,5011,49,1282,4.0,1256
5012,5012,49,1354,4.0,1326
5013,5013,49,1387,4.0,1358
5014,5014,49,1391,3.5,1362
5015,5015,49,1407,3.0,1376
5016,5016,49,1527,4.0,1482
5017,5017,49,1584,4.0,1534
5018,5018,49,1635,4.0,1582
5019,5019,49,1721,4.0,1663
5020,5020,49,1884,5.0,1802
5021,5021,49,2019,4.0,1937
5022,5022,49,2081,4.5,1999
5023,5023,49,2145,5.0,2063
4427,4427,40,1292,5.0,1266
4428,4428,40,1293,4.0,1267
4429,4429,40,1302,4.0,1275
4430,4430,40,1357,4.0,1329
4431,4431,40,1537,5.0,1490
4432,4432,40,1580,4.0,1530
4433,4433,40,1672,4.0,1617
4434,4434,40,1721,5.0,1663
4435,4435,40,1914,5.0,1832
4436,4436,40,1931,4.0,1849
4437,4437,40,1948,3.0,1866
4438,4438,40,1949,4.0,1867
4439,4439,40,1957,4.0,1875
4440,4440,40,1962,4.0,1880
4441,4441,40,1964,4.0,1882
4442,4442,40,1997,2.0,1915
4443,4443,40,2352,4.0,2269
4444,4444,40,2585,4.0,2502
4445,4445,40,2770,4.0,2686
4446,4446,40,2797,5.0,2713
4447,4447,40,2836,1.0,2752
4448,4448,40,2858,5.0,2774
4449,4449,40,2863,4.0,2779
4450,4450,40,2917,4.0,2833
4451,4451,40,2929,4.0,2845
4452,4452,40,2969,5.0,2885
4453,4453,40,3098,5.0,3013
4454,4454,40,3100,3.0,3015
4455,4455,40,3255,3.0,3170
4456,4456,40,3296,3.0,3211
1884,1884,15,2262,3.0,2179
1885,1885,15,2372,3.0,2289
1886,1886,15,2396,3.0,2313
1887,1887,15,2406,4.0,2323
1888,1888,15,2407,2.0,2324
1889,1889,15,2470,4.0,2387
1890,1890,15,2716,5.0,2632
1891,1891,15,2747,1.0,2663
1892,1892,15,2759,2.0,2675
1893,1893,15,2791,4.0,2707
1894,1894,15,2858,2.0,2774
1895,1895,15,2867,3.0,2783
1896,1896,15,2889,3.0,2805
1897,1897,15,2918,3.0,2834
1898,1898,15,2924,5.0,2840
1899,1899,15,2997,2.0,2913
1900,1900,15,3101,3.0,3016
1901,1901,15,3210,4.0,3125
1902,1902,15,3461,4.0,3374
1903,1903,15,3477,3.0,3390
1904,1904,15,3536,1.0,3447
1905,1905,15,3548,5.0,3459
1906,1906,15,3608,3.0,3519
1907,1907,15,3760,5.0,3671
1908,1908,15,3773,3.0,3684
1909,1909,15,3868,5.0,3777
1910,1910,15,4066,4.0,3974
1911,1911,15,4085,4.0,3993
1912,1912,15,4089,4.0,3997
1913,1913,15,4321,3.0,4229
205,205,1,1971,2.0,1889
206,206,1,1972,2.0,1890
207,207,1,1973,3.0,1891
208,208,1,1974,5.0,1892
209,209,1,1986,2.0,1904
210,210,1,2291,2.0,2208
211,211,1,2454,4.0,2371
212,212,1,2455,4.0,2372
213,213,1,2791,2.0,2707
214,214,1,2858,3.0,2774
215,215,1,2948,5.0,2864
216,216,1,2951,4.0,2867
217,217,1,3150,4.0,3065
218,218,1,3159,3.0,3074
219,219,1,3173,4.0,3088
220,220,1,3450,5.0,3363
221,221,1,3513,5.0,3425
222,222,1,3534,3.0,3445
223,223,1,3555,4.0,3466
224,224,1,3565,3.0,3476
225,225,1,3703,4.0,3614
226,226,1,3753,4.0,3664
227,227,1,3917,4.0,3826
228,228,1,3918,3.0,3827
229,229,1,3923,4.0,3832
230,230,1,3926,4.0,3835
231,231,1,3927,5.0,3836
232,232,1,3928,5.0,3837
233,233,1,3930,5.0,3839
234,234,1,3937,4.0,3845
235,235,1,3959,5.0,3867
3194,3194,25,339,3.0,337
3195,3195,25,344,3.0,342
3196,3196,25,349,3.0,347
3197,3197,25,356,5.0,354
3198,3198,25,357,5.0,355
3199,3199,25,364,3.0,362
3200,3200,25,367,4.0,365
3201,3201,25,377,3.0,375
3202,3202,25,380,3.0,378
3203,3203,25,410,3.0,408
3204,3204,25,420,3.0,418
3205,3205,25,426,3.0,424
3206,3206,25,434,3.0,432
3207,3207,25,435,3.0,433
3208,3208,25,440,5.0,438
3209,3209,25,454,3.0,452
3210,3210,25,457,4.0,455
3211,3211,25,480,5.0,478
3212,3212,25,500,4.0,498
3213,3213,25,527,5.0,525
3214,3214,25,532,3.0,530
3215,3215,25,539,4.0,537
3216,3216,25,586,3.0,582
3217,3217,25,587,4.0,583
3218,3218,25,588,3.0,584
3219,3219,25,589,5.0,585
3220,3220,25,590,4.0,586
3221,3221,25,592,3.0,588
3222,3222,25,593,4.0,589
3223,3223,25,595,5.0,591
3224,3224,25,597,3.0,593
1531,1531,12,339,3.0,337
1532,1532,12,344,3.0,342
1533,1533,12,349,3.0,347
1534,1534,12,350,4.0,348
1535,1535,12,356,5.0,354
1536,1536,12,357,3.0,355
1537,1537,12,364,3.0,362
1538,1538,12,367,4.0,365
1539,1539,12,377,4.0,375
1540,1540,12,380,2.0,378
1541,1541,12,410,3.0,408
1542,1542,12,420,4.0,418
1543,1543,12,432,3.0,430
1544,1544,12,434,4.0,432
1545,1545,12,435,4.0,433
1546,1546,12,442,4.0,440
1547,1547,12,457,5.0,455
1548,1548,12,474,4.0,472
1549,1549,12,480,3.0,478
1550,1550,12,500,5.0,498
1551,1551,12,508,5.0,506
1552,1552,12,509,4.0,507
1553,1553,12,527,5.0,525
1554,1554,12,539,3.0,537
1555,1555,12,553,5.0,551
1556,1556,12,588,1.0,584
1557,1557,12,589,4.0,585
1558,1558,12,590,4.0,586
1559,1559,12,592,3.0,588
1560,1560,12,595,2.0,591
1561,1561,12,597,5.0,593
484,484,4,529,4.0,527
485,485,4,531,5.0,529
486,486,4,587,4.0,583
487,487,4,588,5.0,584
488,488,4,589,5.0,585
489,489,4,590,5.0,586
490,490,4,593,3.0,589
491,491,4,594,5.0,590
492,492,4,595,5.0,591
493,493,4,608,3.0,604
494,494,4,631,3.0,626
495,495,4,648,3.0,642
496,496,4,671,5.0,664
497,497,4,708,3.0,698
498,498,4,720,5.0,710
499,499,4,736,5.0,726
500,500,4,780,5.0,769
501,501,4,788,3.0,777
502,502,4,832,5.0,819
503,503,4,1028,5.0,1011
504,504,4,1035,5.0,1018
505,505,4,1036,5.0,1019
506,506,4,1042,4.0,1025
507,507,4,1073,2.0,1054
508,508,4,1079,5.0,1059
509,509,4,1080,5.0,1060
510,510,4,1097,5.0,1077
511,511,4,1136,5.0,1115
512,512,4,1196,5.0,1173
513,513,4,1198,5.0,1175
514,514,4,1210,5.0,1186
515,515,4,1291,5.0,1265
516,516,4,1393,5.0,1364
3259,3259,26,2424,3.0,2341
3260,3260,26,2683,5.0,2599
3261,3261,26,2699,4.0,2615
3262,3262,26,2761,5.0,2677
3263,3263,26,2959,5.0,2875
3264,3264,26,2997,3.0,2913
3265,3265,26,3081,3.0,2996
3266,3266,26,3481,4.0,3394
3267,3267,26,3508,4.5,3420
3268,3268,26,3608,4.0,3519
3269,3269,26,3753,3.0,3664
3270,3270,26,3879,2.0,3788
3271,3271,26,4023,4.0,3931
3272,3272,26,4066,4.5,3974
3273,3273,26,4159,4.0,4067
3274,3274,26,4306,3.0,4214
3275,3275,26,4321,4.5,4229
3276,3276,26,4367,1.0,4275
3277,3277,26,4464,4.5,4372
3278,3278,26,4499,4.0,4407
3279,3279,26,5010,3.5,4917
3280,3280,26,5064,4.0,4971
3281,3281,26,5378,1.0,5284
3282,3282,26,6380,4.0,6277
3283,3283,26,6539,3.5,6432
3284,3284,26,6934,4.5,6825
3285,3285,26,7247,2.0,7138
3286,3286,26,7293,4.0,7184
3287,3287,26,7458,3.0,7335
3288,3288,26,8361,3.5,7765
3289,3289,26,8622,4.5,7942
3290,3290,26,8636,4.5,7956
3291,3291,26,8900,4.5,8220
3292,3292,26,27808,4.0,9562
3293,3293,26,30822,4.0,9655
852,852,7,350,4.0,348
853,853,7,353,3.0,351
854,854,7,355,2.0,353
855,855,7,356,5.0,354
856,856,7,357,4.0,355
857,857,7,364,4.0,362
858,858,7,367,3.0,365
859,859,7,372,4.0,370
860,860,7,377,4.0,375
861,861,7,380,4.0,378
862,862,7,381,4.0,379
863,863,7,434,5.0,432
864,864,7,442,4.0,440
865,865,7,454,4.0,452
866,866,7,457,5.0,455
867,867,7,480,4.0,478
868,868,7,500,4.0,498
869,869,7,508,3.0,506
870,870,7,527,5.0,525
871,871,7,539,4.0,537
872,872,7,550,4.0,548
873,873,7,551,4.0,549
874,874,7,552,3.0,550
875,875,7,553,5.0,551
876,876,7,587,4.0,583
877,877,7,588,3.0,584
878,878,7,589,5.0,585
879,879,7,590,5.0,586
880,880,7,592,4.0,588
881,881,7,593,5.0,589
882,882,7,595,3.0,591
883,883,7,597,5.0,593
884,884,7,610,4.0,606
885,885,7,648,5.0,642
886,886,7,733,4.0,723
4361,4361,39,1923,3.0,1841
4362,4362,39,1961,4.0,1879
4363,4363,39,2076,4.0,1994
4364,4364,39,2126,2.0,2044
4365,4365,39,2289,4.0,2206
4366,4366,39,2294,4.0,2211
4367,4367,39,2321,3.0,2238
4368,4368,39,2324,5.0,2241
4369,4369,39,2329,5.0,2246
4370,4370,39,2353,4.0,2270
4371,4371,39,2396,4.0,2313
4372,4372,39,2416,2.0,2333
4373,4373,39,2571,4.0,2488
4374,4374,39,2683,3.0,2599
4375,4375,39,2699,1.0,2615
4376,4376,39,2702,2.0,2618
4377,4377,39,2710,4.0,2626
4378,4378,39,2762,4.0,2678
4379,4379,39,2858,3.0,2774
4380,4380,39,2908,5.0,2824
4381,4381,39,2959,4.0,2875
4382,4382,39,3006,4.0,2922
4383,4383,39,3078,3.0,2993
4384,4384,39,3104,3.0,3019
4385,4385,39,3246,4.0,3161
4386,4386,39,3408,3.0,3322
4387,4387,39,3512,3.0,3424
4388,4388,39,3521,3.0,3433
4389,4389,39,3535,3.0,3446
4390,4390,39,3536,4.0,3447
4391,4391,39,3543,5.0,3454
4392,4392,39,3552,3.0,3463
4393,4393,39,3578,5.0,3489
4394,4394,39,3608,3.0,3519
4395,4395,39,3617,1.0,3528
4396,4396,39,3618,3.0,3529
4397,4397,39,3717,2.0,3628
3816,3816,31,337,4.0,335
3817,3817,31,342,4.0,340
3818,3818,31,344,3.0,342
3819,3819,31,345,3.0,343
3820,3820,31,350,3.0,348
3821,3821,31,355,2.0,353
3822,3822,31,356,3.0,354
3823,3823,31,357,4.0,355
3824,3824,31,368,5.0,366
3825,3825,31,371,3.0,369
3826,3826,31,377,3.0,375
3827,3827,31,380,4.0,378
3828,3828,31,410,3.0,408
3829,3829,31,434,4.0,432
3830,3830,31,442,3.0,440
3831,3831,31,454,3.0,452
3832,3832,31,457,4.0,455
3833,3833,31,468,3.0,466
3834,3834,31,474,4.0,472
3835,3835,31,480,3.0,478
3836,3836,31,497,4.0,495
3837,3837,31,527,3.0,525
3838,3838,31,535,4.0,533
3839,3839,31,588,3.0,584
3840,3840,31,589,4.0,585
3841,3841,31,590,3.0,586
3842,3842,31,592,4.0,588
3843,3843,31,593,4.0,589
3844,3844,31,597,3.0,593
3845,3845,31,608,3.0,604
3846,3846,31,708,4.0,698
3847,3847,31,736,4.0,726
3848,3848,31,745,4.0,734
3849,3849,31,778,5.0,767
3850,3850,31,780,4.0,769
3851,3851,31,786,3.0,775
3852,3852,31,1047,4.0,1030
4268,4268,37,315,5.0,314
4269,4269,37,317,3.0,316
4270,4270,37,339,4.0,337
4271,4271,37,349,4.0,347
4272,4272,37,350,5.0,348
4273,4273,37,356,5.0,354
4274,4274,37,364,5.0,362
4275,4275,37,368,3.0,366
4276,4276,37,371,4.0,369
4277,4277,37,377,5.0,375
4278,4278,37,378,4.0,376
4279,4279,37,380,3.0,378
4280,4280,37,440,5.0,438
4281,4281,37,450,4.0,448
4282,4282,37,454,3.0,452
4283,4283,37,457,3.0,455
4284,4284,37,458,3.0,456
4285,4285,37,466,2.0,464
4286,4286,37,467,5.0,465
4287,4287,37,477,3.0,475
4288,4288,37,480,3.0,478
4289,4289,37,500,2.0,498
4290,4290,37,501,5.0,499
4291,4291,37,516,2.0,514
4292,4292,37,527,4.0,525
4293,4293,37,540,4.0,538
4294,4294,37,586,3.0,582
4295,4295,37,587,3.0,583
4296,4296,37,588,2.0,584
4297,4297,37,589,4.0,585
4298,4298,37,590,4.0,586
4299,4299,37,592,3.0,588
4300,4300,37,593,2.0,589
4301,4301,37,597,4.0,593
4302,4302,37,613,3.0,609
4303,4303,37,736,4.0,726
4304,4304,37,786,5.0,775
4551,4551,42,2716,2.5,2632
4552,4552,42,2881,4.0,2797
4553,4553,42,2918,4.0,2834
4554,4554,42,2959,4.5,2875
4555,4555,42,3079,4.5,2994
4556,4556,42,3082,3.5,2997
4557,4557,42,3578,4.0,3489
4558,4558,42,3623,4.0,3534
4559,4559,42,3793,4.0,3704
4560,4560,42,3996,4.0,3904
4561,4561,42,4014,5.0,3922
4562,4562,42,4246,4.5,4154
4563,4563,42,4306,5.0,4214
4564,4564,42,4308,4.0,4216
4565,4565,42,4886,2.5,4793
4566,4566,42,5013,3.5,4920
4567,4567,42,5349,2.0,5255
4568,4568,42,5380,5.0,5286
4569,4569,42,5418,4.0,5324
4570,4570,42,5816,3.5,5720
4571,4571,42,5952,2.5,5856
4572,4572,42,6218,3.5,6122
4573,4573,42,6333,4.0,6237
4574,4574,42,6365,1.5,6263
4575,4575,42,6377,4.5,6274
4576,4576,42,6539,4.5,6432
4577,4577,42,6711,5.0,6604
4578,4578,42,6874,4.0,6767
4579,4579,42,6942,4.5,6833
4580,4580,42,7155,4.0,7046
4581,4581,42,7361,3.5,7252
4582,4582,42,7438,3.5,7315
4583,4583,42,8636,0.5,7956
4584,4584,42,8943,3.5,8263
4585,4585,42,8970,4.0,8290
4586,4586,42,30749,4.0,9638
4587,4587,42,32587,3.5,9999
4588,4588,42,40629,3.0,10648
4589,4589,42,41571,3.5,10703
4590,4590,42,43560,3.0,10868
4591,4591,42,44191,5.0,10944
4592,4592,42,51834,3.0,11778
4593,4593,42,60069,4.0,12803
4594,4594,42,62293,3.5,13092
3949,3949,33,339,4.0,337
3950,3950,33,344,3.0,342
3951,3951,33,355,4.0,353
3952,3952,33,356,5.0,354
3953,3953,33,357,5.0,355
3954,3954,33,364,4.0,362
3955,3955,33,367,5.0,365
3956,3956,33,368,4.0,366
3957,3957,33,370,4.0,368
3958,3958,33,376,4.0,374
3959,3959,33,377,5.0,375
3960,3960,33,380,5.0,378
3961,3961,33,410,4.0,408
3962,3962,33,432,3.0,430
3963,3963,33,434,3.0,432
3964,3964,33,435,3.0,433
3965,3965,33,440,5.0,438
3966,3966,33,442,3.0,440
3967,3967,33,457,5.0,455
3968,3968,33,466,3.0,464
3969,3969,33,474,4.0,472
3970,3970,33,480,5.0,478
3971,3971,33,485,3.0,483
3972,3972,33,494,4.0,492
3973,3973,33,500,5.0,498
3974,3974,33,509,4.0,507
3975,3975,33,520,3.0,518
3976,3976,33,531,4.0,529
3977,3977,33,539,5.0,537
3978,3978,33,551,4.0,549
3979,3979,33,553,4.0,551
3980,3980,33,587,5.0,583
3981,3981,33,588,4.0,584
3982,3982,33,589,5.0,585
3983,3983,33,590,2.0,586
3984,3984,33,592,4.0,588
3985,3985,33,595,5.0,591
3986,3986,33,597,4.0,593
3987,3987,33,637,3.0,632
3988,3988,33,648,4.0,642
3989,3989,33,688,3.0,679
3990,3990,33,708,5.0,698
3991,3991,33,733,5.0,723
3992,3992,33,736,4.0,726
3993,3993,33,761,3.0,750
3994,3994,33,780,4.0,769
3995,3995,33,786,4.0,775
4893,4893,47,590,4.0,586
4894,4894,47,593,5.0,589
4895,4895,47,608,4.0,604
4896,4896,47,648,2.0,642
4897,4897,47,708,3.0,698
4898,4898,47,720,4.0,710
4899,4899,47,750,4.0,739
4900,4900,47,780,3.0,769
4901,4901,47,800,5.0,789
4902,4902,47,830,3.0,817
4903,4903,47,852,4.0,839
4904,4904,47,858,5.0,845
4905,4905,47,919,4.0,904
4906,4906,47,923,4.0,908
4907,4907,47,924,4.0,909
4908,4908,47,1035,4.0,1018
4909,4909,47,1073,4.0,1054
4910,4910,47,1077,4.0,1057
4911,4911,47,1079,4.0,1059
4912,4912,47,1080,3.0,1060
4913,4913,47,1089,4.0,1069
4914,4914,47,1090,5.0,1070
4915,4915,47,1094,5.0,1074
4916,4916,47,1097,5.0,1077
4917,4917,47,1103,4.0,1083
4918,4918,47,1136,4.0,1115
4919,4919,47,1150,5.0,1129
4920,4920,47,1161,4.0,1140
4921,4921,47,1172,5.0,1151
4922,4922,47,1183,5.0,1161
4923,4923,47,1193,4.0,1171
4924,4924,47,1196,3.0,1173
4925,4925,47,1197,4.0,1174
4926,4926,47,1198,4.0,1175
4927,4927,47,1199,3.0,1176
4928,4928,47,1200,3.0,1177
4929,4929,47,1206,3.0,1182
4930,4930,47,1208,5.0,1184
4931,4931,47,1210,3.0,1186
4932,4932,47,1211,5.0,1187
4933,4933,47,1213,5.0,1189
4934,4934,47,1214,3.0,1190
4935,4935,47,1221,5.0,1197
4936,4936,47,1224,4.0,1200
4937,4937,47,1225,5.0,1201
4938,4938,47,1233,5.0,1208
4939,4939,47,1240,3.0,1214
4940,4940,47,1246,4.0,1220
4941,4941,47,1250,4.0,1224
4942,4942,47,1259,3.0,1233
2486,2486,22,1584,5.0,1534
2487,2487,22,1617,5.0,1566
2488,2488,22,1625,4.0,1573
2489,2489,22,1639,3.0,1584
2490,2490,22,1641,4.0,1586
2491,2491,22,1653,5.0,1598
2492,2492,22,1673,3.0,1618
2493,2493,22,1678,3.0,1623
2494,2494,22,1704,5.0,1647
2495,2495,22,1719,4.0,1661
2496,2496,22,1721,4.0,1663
2497,2497,22,1722,4.0,1664
2498,2498,22,1729,4.0,1671
2499,2499,22,1732,4.0,1674
2500,2500,22,1754,5.0,1691
2501,2501,22,1777,4.0,1709
2502,2502,22,1783,3.0,1714
2503,2503,22,1804,4.0,1730
2504,2504,22,1805,5.0,1731
2505,2505,22,1810,2.0,1735
2506,2506,22,1833,5.0,1754
2507,2507,22,1835,5.0,1756
2508,2508,22,1888,3.0,1806
2509,2509,22,1892,4.0,1810
2510,2510,22,1895,4.0,1813
2511,2511,22,1909,5.0,1827
2512,2512,22,1917,4.0,1835
2513,2513,22,1923,4.0,1841
2514,2514,22,2006,5.0,1924
2515,2515,22,2028,5.0,1946
2516,2516,22,2058,5.0,1976
2517,2517,22,2125,3.0,2043
2518,2518,22,2167,4.0,2085
2519,2519,22,2278,3.0,2195
2520,2520,22,2289,4.0,2206
2521,2521,22,2291,3.0,2208
2522,2522,22,2294,5.0,2211
2523,2523,22,2315,1.0,2232
2524,2524,22,2322,1.0,2239
2525,2525,22,2324,5.0,2241
2526,2526,22,2329,4.0,2246
2527,2527,22,2338,2.0,2255
2528,2528,22,2340,2.0,2257
2529,2529,22,2353,4.0,2270
2530,2530,22,2355,4.0,2272
2531,2531,22,2384,2.0,2301
2532,2532,22,2386,1.0,2303
2533,2533,22,2393,4.0,2310
2534,2534,22,2394,1.0,2311
2535,2535,22,2424,1.0,2341
2536,2536,22,2952,5.0,2868
2000,2000,17,4967,5.0,4874
2001,2001,17,4973,5.0,4880
2002,2002,17,4993,3.0,4900
2003,2003,17,5225,5.0,5131
2004,2004,17,5299,3.0,5205
2005,2005,17,5477,4.5,5383
2006,2006,17,5608,4.0,5512
2007,2007,17,5613,3.5,5517
2008,2008,17,5878,5.0,5782
2009,2009,17,6016,5.0,5920
2010,2010,17,6197,5.0,6101
2011,2011,17,6291,5.0,6195
2012,2012,17,6711,3.5,6604
2013,2013,17,6772,1.0,6665
2014,2014,17,6942,3.5,6833
2015,2015,17,7034,4.0,6925
2016,2016,17,7234,5.0,7125
2017,2017,17,7323,5.0,7214
2018,2018,17,7361,5.0,7252
2019,2019,17,7456,4.0,7333
2020,2020,17,7767,5.0,7467
2021,2021,17,8254,4.5,7723
2022,2022,17,8360,2.5,7764
2023,2023,17,8645,4.0,7965
2024,2024,17,8981,3.0,8301
2025,2025,17,27803,5.0,9560
2026,2026,17,30749,4.0,9638
2027,2027,17,31410,4.5,9758
2028,2028,17,39183,4.5,10554
2029,2029,17,40815,3.0,10658
2030,2030,17,41527,5.0,10699
2031,2031,17,42197,4.5,10764
2032,2032,17,43376,4.0,10850
2033,2033,17,44204,4.0,10949
2034,2034,17,44555,5.0,10968
2035,2035,17,44694,4.0,10990
2036,2036,17,45726,2.5,11114
2037,2037,17,45950,3.5,11130
2038,2038,17,46976,4.0,11228
2039,2039,17,51084,4.0,11699
2040,2040,17,51174,4.5,11709
2041,2041,17,52375,3.5,11839
2042,2042,17,55052,4.5,12153
2043,2043,17,55100,2.5,12164
2044,2044,17,55820,4.0,12273
2045,2045,17,56788,3.5,12383
2046,2046,17,57792,4.0,12480
2047,2047,17,58315,2.0,12550
2048,2048,17,59018,5.0,12644
2049,2049,17,59118,4.0,12660
2050,2050,17,59382,1.0,12697
2051,2051,17,60482,5.0,12881
2052,2052,17,60950,3.0,12953
2053,2053,17,61075,4.5,12973
2054,2054,17,63062,4.5,13156
2055,2055,17,64701,4.5,13293
2056,2056,17,65465,2.5,13380
2057,2057,17,69122,4.5,13842
2058,2058,17,70293,3.0,14061
2059,2059,17,71033,4.5,14208
2060,2060,17,78637,3.0,15472
3103,3103,24,1265,3.5,1239
3104,3104,24,1270,4.5,1244
3105,3105,24,1271,4.5,1245
3106,3106,24,1291,3.5,1265
3107,3107,24,1302,3.0,1275
3108,3108,24,1307,4.0,1280
3109,3109,24,1387,3.5,1358
3110,3110,24,1517,4.0,1473
3111,3111,24,1580,1.5,1530
3112,3112,24,1682,3.0,1627
3113,3113,24,1704,4.0,1647
3114,3114,24,1721,4.0,1663
3115,3115,24,1727,1.0,1669
3116,3116,24,1732,5.0,1674
3117,3117,24,1784,3.0,1715
3118,3118,24,1923,3.0,1841
3119,3119,24,1961,4.0,1879
3120,3120,24,1968,4.0,1886
3121,3121,24,2028,3.5,1946
3122,3122,24,2115,3.5,2033
3123,3123,24,2141,4.5,2059
3124,3124,24,2161,4.0,2079
3125,3125,24,2174,4.0,2092
3126,3126,24,2324,3.5,2241
3127,3127,24,2352,3.0,2269
3128,3128,24,2502,3.5,2419
3129,3129,24,2571,3.5,2488
3130,3130,24,2683,4.0,2599
3131,3131,24,2692,4.0,2608
3132,3132,24,2706,4.0,2622
3133,3133,24,2710,3.0,2626
3134,3134,24,2716,4.0,2632
3135,3135,24,2797,4.5,2713
3136,3136,24,2858,4.0,2774
3137,3137,24,2918,4.0,2834
3138,3138,24,2959,4.0,2875
3139,3139,24,2987,4.0,2903
3140,3140,24,3147,4.0,3062
3141,3141,24,3255,4.5,3170
3142,3142,24,3578,3.5,3489
3143,3143,24,3686,4.0,3597
3144,3144,24,3755,3.0,3666
3145,3145,24,3897,3.0,3806
3146,3146,24,3949,3.5,3857
3147,3147,24,3996,4.0,3904
3148,3148,24,4027,3.5,3935
3149,3149,24,4306,3.5,4214
3150,3150,24,4886,3.0,4793
3151,3151,24,4963,3.0,4870
3152,3152,24,4973,4.0,4880
3153,3153,24,4979,4.5,4886
3154,3154,24,4993,3.5,4900
3155,3155,24,5225,4.5,5131
3156,3156,24,5952,3.5,5856
3157,3157,24,6377,3.5,6274
3158,3158,24,8910,4.5,8230
3159,3159,24,52319,4.0,11832
3160,3160,24,54503,4.5,12089
3161,3161,24,60293,4.5,12843
3162,3162,24,63082,3.5,13159
3163,3163,24,72226,2.0,14471
4733,4733,45,322,5.0,321
4734,4734,45,333,2.0,331
4735,4735,45,337,4.0,335
4736,4736,45,339,3.0,337
4737,4737,45,342,3.0,340
4738,4738,45,344,4.0,342
4739,4739,45,345,4.0,343
4740,4740,45,348,4.0,346
4741,4741,45,350,3.0,348
4742,4742,45,351,3.0,349
4743,4743,45,356,3.0,354
4744,4744,45,357,5.0,355
4745,4745,45,360,2.0,358
4746,4746,45,367,3.0,365
4747,4747,45,370,4.0,368
4748,4748,45,372,5.0,370
4749,4749,45,378,4.0,376
4750,4750,45,380,1.0,378
4751,4751,45,413,3.0,411
4752,4752,45,417,3.0,415
4753,4753,45,420,3.0,418
4754,4754,45,433,1.0,431
4755,4755,45,434,2.0,432
4756,4756,45,435,3.0,433
4757,4757,45,440,4.0,438
4758,4758,45,442,3.0,440
4759,4759,45,445,4.0,443
4760,4760,45,454,3.0,452
4761,4761,45,457,3.0,455
4762,4762,45,466,4.0,464
4763,4763,45,475,3.0,473
4764,4764,45,480,3.0,478
4765,4765,45,489,1.0,487
4766,4766,45,500,3.0,498
4767,4767,45,508,4.0,506
4768,4768,45,514,5.0,512
4769,4769,45,520,3.0,518
4770,4770,45,527,5.0,525
4771,4771,45,529,4.0,527
4772,4772,45,532,3.0,530
4773,4773,45,538,5.0,536
4774,4774,45,539,4.0,537
4775,4775,45,542,3.0,540
4776,4776,45,543,4.0,541
4777,4777,45,587,4.0,583
4778,4778,45,597,3.0,593
4779,4779,45,608,5.0,604
4780,4780,45,627,1.0,622
4781,4781,45,708,4.0,698
4782,4782,45,736,3.0,726
4783,4783,45,742,4.0,731
4784,4784,45,778,4.0,767
4785,4785,45,780,3.0,769
4786,4786,45,830,3.0,817
4787,4787,45,833,3.0,820
4788,4788,45,1043,3.0,1026
4789,4789,45,1054,3.0,1036
4790,4790,45,1366,4.0,1337
4791,4791,45,1425,2.0,1393
4792,4792,45,1459,2.0,1424
4793,4793,45,1580,4.0,1530
2368,2368,21,2028,3.0,1946
2369,2369,21,2058,3.0,1976
2370,2370,21,2115,4.0,2033
2371,2371,21,2119,3.0,2037
2372,2372,21,2193,4.0,2111
2373,2373,21,2268,5.0,2185
2374,2374,21,2278,3.0,2195
2375,2375,21,2329,4.0,2246
2376,2376,21,2353,5.0,2270
2377,2377,21,2402,5.0,2319
2378,2378,21,2403,4.0,2320
2379,2379,21,2409,4.0,2326
2380,2380,21,2410,4.0,2327
2381,2381,21,2411,4.0,2328
2382,2382,21,2412,2.0,2329
2383,2383,21,2490,3.0,2407
2384,2384,21,2571,3.0,2488
2385,2385,21,2617,4.0,2534
2386,2386,21,2640,4.0,2557
2387,2387,21,2641,3.0,2558
2388,2388,21,2642,3.0,2559
2389,2389,21,2643,2.0,2560
2390,2390,21,2676,3.0,2592
2391,2391,21,2763,4.0,2679
2392,2392,21,2858,3.0,2774
2393,2393,21,2881,3.0,2797
2394,2394,21,2916,4.0,2832
2395,2395,21,2959,4.0,2875
2396,2396,21,2985,3.0,2901
2397,2397,21,3006,4.0,2922
2398,2398,21,3020,4.0,2936
2399,2399,21,3052,2.0,2967
2400,2400,21,3100,2.0,3015
2401,2401,21,3114,3.0,3029
2402,2402,21,3147,4.0,3062
2403,2403,21,3441,4.0,3354
2404,2404,21,3525,4.0,3437
2405,2405,21,3527,5.0,3439
2406,2406,21,3698,5.0,3609
2407,2407,21,3955,2.0,3863
2408,2408,21,3979,2.0,3887
2409,2409,21,3980,3.0,3888
2410,2410,21,3987,3.0,3895
2411,2411,21,3994,4.0,3902
2412,2412,21,3996,4.0,3904
2413,2413,21,3999,3.0,3907
2414,2414,21,4006,4.0,3914
2415,2415,21,4011,3.0,3919
2416,2416,21,4015,4.0,3923
2417,2417,21,4016,3.0,3924
2418,2418,21,4018,4.0,3926
2419,2419,21,4022,3.0,3930
2420,2420,21,4025,3.0,3933
2421,2421,21,4034,4.0,3942
2422,2422,21,4052,3.0,3960
2423,2423,21,4084,3.0,3992
2424,2424,21,4085,3.0,3993
2425,2425,21,4262,4.0,4170
2426,2426,21,4270,5.0,4178
2427,2427,21,4306,3.0,4214
2428,2428,21,4351,4.0,4259
2429,2429,21,4354,3.0,4262
2430,2430,21,4367,5.0,4275
2431,2431,21,4396,4.0,4304
2432,2432,21,4498,3.0,4406
2433,2433,21,4565,3.0,4473
2434,2434,21,4620,3.0,4528
2220,2220,20,1500,3.0,1459
2221,2221,20,1617,5.0,1566
2222,2222,20,1639,3.0,1584
2223,2223,20,1641,3.0,1586
2224,2224,20,1673,5.0,1618
2225,2225,20,1704,4.0,1647
2226,2226,20,1732,2.0,1674
2227,2227,20,1921,4.0,1839
2228,2228,20,1945,4.0,1863
2229,2229,20,1952,4.0,1870
2230,2230,20,1960,3.0,1878
2231,2231,20,1961,4.0,1879
2232,2232,20,1997,5.0,1915
2233,2233,20,2005,4.0,1923
2234,2234,20,2018,3.0,1936
2235,2235,20,2020,3.0,1938
2236,2236,20,2085,3.0,2003
2237,2237,20,2118,4.0,2036
2238,2238,20,2159,3.0,2077
2239,2239,20,2160,5.0,2078
2240,2240,20,2288,5.0,2205
2241,2241,20,2318,3.0,2235
2242,2242,20,2329,4.0,2246
2243,2243,20,2395,4.0,2312
2244,2244,20,2425,3.0,2342
2245,2245,20,2542,4.0,2459
2246,2246,20,2563,3.0,2480
2247,2247,20,2664,3.0,2580
2248,2248,20,2728,4.0,2644
2249,2249,20,2761,4.0,2677
2250,2250,20,2762,4.0,2678
2251,2251,20,2795,3.0,2711
2252,2252,20,2797,4.0,2713
2253,2253,20,2819,4.0,2735
2254,2254,20,2858,4.0,2774
2255,2255,20,2866,3.0,2782
2256,2256,20,2912,3.0,2828
2257,2257,20,2915,3.0,2831
2258,2258,20,2916,4.0,2832
2259,2259,20,2917,2.0,2833
2260,2260,20,2918,4.0,2834
2261,2261,20,2948,4.0,2864
2262,2262,20,2952,4.0,2868
2263,2263,20,2987,3.0,2903
2264,2264,20,3019,3.0,2935
2265,2265,20,3098,4.0,3013
2266,2266,20,3114,5.0,3029
2267,2267,20,3147,4.0,3062
2268,2268,20,3159,3.0,3074
2269,2269,20,3160,4.0,3075
2270,2270,20,3169,3.0,3084
2271,2271,20,3267,3.0,3182
2272,2272,20,3310,2.0,3225
2273,2273,20,3328,1.0,3243
2274,2274,20,3347,4.0,3262
2275,2275,20,3361,3.0,3276
2276,2276,20,3363,4.0,3278
2277,2277,20,3386,3.0,3300
2278,2278,20,3424,3.0,3337
2279,2279,20,3476,4.0,3389
2280,2280,20,3481,2.0,3394
2281,2281,20,3505,3.0,3417
2282,2282,20,3508,4.0,3420
2283,2283,20,3679,5.0,3590
2284,2284,20,3681,4.0,3592
2285,2285,20,3703,4.0,3614
2286,2286,20,3706,3.0,3617
2287,2287,20,3718,4.0,3629
2288,2288,20,3739,3.0,3650
2289,2289,20,3753,4.0,3664
2290,2290,20,3760,3.0,3671
2291,2291,20,3771,2.0,3682
2292,2292,20,3897,4.0,3806
2293,2293,20,3972,3.0,3880
2294,2294,20,3996,4.0,3904
2295,2295,20,4002,4.0,3910
2296,2296,20,4016,3.0,3924
2297,2297,20,4034,4.0,3942
2298,2298,20,4092,3.0,4000
2299,2299,20,4105,5.0,4013
2300,2300,20,4210,3.0,4118
2301,2301,20,4224,3.0,4132
87,87,0,2692,3.5,2608
88,88,0,2716,3.5,2632
89,89,0,2761,3.0,2677
90,90,0,2762,4.0,2678
91,91,0,2804,3.5,2720
92,92,0,2872,4.0,2788
93,93,0,2918,3.5,2834
94,94,0,2944,4.0,2860
95,95,0,2947,3.5,2863
96,96,0,2959,4.0,2875
97,97,0,2968,4.0,2884
98,98,0,3000,3.5,2916
99,99,0,3030,3.0,2945
100,100,0,3037,3.5,2952
101,101,0,3081,4.0,2996
102,102,0,3153,4.0,3068
103,103,0,3265,3.5,3180
104,104,0,3438,3.5,3351
105,105,0,3476,3.5,3389
106,106,0,3479,4.0,3392
107,107,0,3489,4.0,3401
108,108,0,3499,4.0,3411
109,109,0,3889,4.0,3798
110,110,0,3932,3.0,3841
111,111,0,3996,4.0,3904
112,112,0,3997,3.5,3905
113,113,0,4011,4.0,3919
114,114,0,4027,4.0,3935
115,115,0,4105,3.5,4013
116,116,0,4128,4.0,4036
117,117,0,4133,3.0,4041
118,118,0,4226,3.5,4134
119,119,0,4306,4.0,4214
120,120,0,4446,3.5,4354
121,121,0,4467,4.0,4375
122,122,0,4571,4.0,4479
123,123,0,4720,3.5,4628
124,124,0,4754,4.0,4661
125,125,0,4878,3.5,4785
126,126,0,4896,4.0,4803
127,127,0,4911,4.0,4818
128,128,0,4915,3.0,4822
129,129,0,4941,3.5,4848
130,130,0,4980,3.5,4887
131,131,0,4993,5.0,4900
132,132,0,5026,4.0,4933
133,133,0,5039,4.0,4946
134,134,0,5040,3.0,4947
135,135,0,5146,3.5,5053
136,136,0,5171,4.0,5078
137,137,0,5540,4.0,5446
138,138,0,5679,3.5,5583
139,139,0,5797,4.0,5701
140,140,0,5816,4.0,5720
141,141,0,5898,3.5,5802
142,142,0,5952,5.0,5856
143,143,0,5999,3.5,5903
144,144,0,6093,4.0,5997
145,145,0,6242,3.5,6146
146,146,0,6333,4.0,6237
147,147,0,6502,3.5,6395
148,148,0,6539,4.0,6432
149,149,0,6754,4.0,6647
150,150,0,6755,3.5,6648
151,151,0,6774,4.0,6667
152,152,0,6807,3.5,6700
153,153,0,6834,3.5,6727
154,154,0,6888,3.0,6781
155,155,0,7001,3.5,6892
156,156,0,7045,3.5,6936
157,157,0,7046,4.0,6937
158,158,0,7153,5.0,7044
159,159,0,7164,3.5,7055
160,160,0,7247,3.5,7138
161,161,0,7387,3.5,7278
162,162,0,7389,4.0,7280
163,163,0,7438,4.0,7315
164,164,0,7449,3.5,7326
165,165,0,7454,4.0,7331
166,166,0,7482,3.0,7347
167,167,0,7757,4.0,7458
168,168,0,8368,4.0,7772
169,169,0,8482,3.5,7842
170,170,0,8507,5.0,7863
171,171,0,8636,4.5,7956
172,172,0,8690,3.5,8010
173,173,0,8961,4.0,8281
174,174,0,31696,4.0,9820
3414,3414,28,318,5.0,317
3415,3415,28,328,2.0,326
3416,3416,28,329,3.0,327
3417,3417,28,333,4.0,331
3418,3418,28,339,3.0,337
3419,3419,28,340,3.0,338
3420,3420,28,344,3.0,342
3421,3421,28,349,3.0,347
3422,3422,28,351,3.0,349
3423,3423,28,352,4.0,350
3424,3424,28,353,3.0,351
3425,3425,28,355,3.0,353
3426,3426,28,356,5.0,354
3427,3427,28,358,4.0,356
3428,3428,28,362,4.0,360
3429,3429,28,364,4.0,362
3430,3430,28,365,4.0,363
3431,3431,28,367,3.0,365
3432,3432,28,368,4.0,366
3433,3433,28,370,3.0,368
3434,3434,28,371,1.0,369
3435,3435,28,374,3.0,372
3436,3436,28,377,4.0,375
3437,3437,28,380,3.0,378
3438,3438,28,382,3.0,380
3439,3439,28,383,5.0,381
3440,3440,28,405,3.0,403
3441,3441,28,410,3.0,408
3442,3442,28,413,3.0,411
3443,3443,28,415,3.0,413
3444,3444,28,416,3.0,414
3445,3445,28,420,3.0,418
3446,3446,28,428,5.0,426
3447,3447,28,431,5.0,429
3448,3448,28,432,4.0,430
3449,3449,28,434,4.0,432
3450,3450,28,435,3.0,433
3451,3451,28,437,3.0,435
3452,3452,28,442,4.0,440
3453,3453,28,455,3.0,453
3454,3454,28,457,3.0,455
3455,3455,28,464,3.0,462
3456,3456,28,466,3.0,464
3457,3457,28,475,3.0,473
3458,3458,28,480,5.0,478
3459,3459,28,481,3.0,479
3460,3460,28,482,3.0,480
3461,3461,28,485,4.0,483
3462,3462,28,491,3.0,489
3463,3463,28,500,3.0,498
3464,3464,28,502,3.0,500
3465,3465,28,509,3.0,507
3466,3466,28,514,2.0,512
3467,3467,28,516,4.0,514
3468,3468,28,519,3.0,517
3469,3469,28,520,3.0,518
3470,3470,28,524,4.0,522
3471,3471,28,527,4.0,525
3472,3472,28,529,4.0,527
3473,3473,28,532,3.0,530
3474,3474,28,533,3.0,531
3475,3475,28,537,3.0,535
3476,3476,28,542,4.0,540
3477,3477,28,543,3.0,541
3478,3478,28,546,3.0,544
3479,3479,28,551,4.0,549
3480,3480,28,552,4.0,550
3481,3481,28,553,4.0,551
3482,3482,28,555,5.0,553
3483,3483,28,575,4.0,572
3484,3484,28,585,3.0,581
3485,3485,28,586,4.0,582
3486,3486,28,587,3.0,583
3487,3487,28,588,4.0,584
3488,3488,28,589,4.0,585
3489,3489,28,590,4.0,586
3490,3490,28,592,4.0,588
3491,3491,28,593,4.0,589
3492,3492,28,594,4.0,590
3493,3493,28,595,4.0,591
3494,3494,28,596,5.0,592
3495,3495,28,597,3.0,593
3496,3496,28,610,4.0,606
3497,3497,28,616,3.0,612
3498,3498,28,648,4.0,642
3499,3499,28,653,3.0,647
3500,3500,28,711,3.0,701
3501,3501,28,724,4.0,714
3502,3502,28,733,5.0,723
329,329,2,1396,3.0,1367
330,330,2,1544,4.0,1496
331,331,2,1584,4.0,1534
332,332,2,1603,4.0,1553
333,333,2,1653,4.0,1598
334,334,2,1674,4.0,1619
335,335,2,1676,5.0,1621
336,336,2,1721,4.0,1663
337,337,2,1762,4.0,1697
338,338,2,1779,3.0,1710
339,339,2,1810,3.0,1735
340,340,2,1831,5.0,1752
341,341,2,1876,4.0,1794
342,342,2,1882,4.0,1800
343,343,2,1909,5.0,1827
344,344,2,1917,4.0,1835
345,345,2,1921,4.0,1839
346,346,2,2009,5.0,1927
347,347,2,2011,3.0,1929
348,348,2,2012,3.0,1930
349,349,2,2018,4.0,1936
350,350,2,2028,4.0,1946
351,351,2,2034,4.0,1952
352,352,2,2046,5.0,1964
353,353,2,2053,3.0,1971
354,354,2,2054,4.0,1972
355,355,2,2076,5.0,1994
356,356,2,2093,5.0,2011
357,357,2,2105,4.0,2023
358,358,2,2117,5.0,2035
359,359,2,2118,5.0,2036
360,360,2,2140,4.0,2058
361,361,2,2150,5.0,2068
362,362,2,2236,4.0,2153
363,363,2,2288,5.0,2205
364,364,2,2311,4.0,2228
365,365,2,2329,4.0,2246
366,366,2,2366,4.0,2283
367,367,2,2371,4.0,2288
368,368,2,2391,5.0,2308
369,369,2,2407,4.0,2324
370,370,2,2428,4.0,2345
371,371,2,2448,5.0,2365
372,372,2,2455,4.0,2372
373,373,2,2505,4.0,2422
374,374,2,2528,4.0,2445
375,375,2,2529,5.0,2446
376,376,2,2530,4.0,2447
377,377,2,2531,3.0,2448
378,378,2,2532,4.0,2449
379,379,2,2533,3.0,2450
380,380,2,2541,1.0,2458
381,381,2,2551,4.0,2468
382,382,2,2567,3.0,2484
383,383,2,2571,5.0,2488
384,384,2,2574,3.0,2491
385,385,2,2613,4.0,2530
386,386,2,2615,4.0,2532
387,387,2,2628,5.0,2545
388,388,2,2640,4.0,2557
389,389,2,2642,3.0,2559
390,390,2,2643,1.0,2560
391,391,2,2657,3.0,2573
392,392,2,2662,3.0,2578
393,393,2,2668,4.0,2584
394,394,2,2676,1.0,2592
395,395,2,2694,4.0,2610
396,396,2,2699,3.0,2615
397,397,2,2710,5.0,2626
398,398,2,2722,4.0,2638
399,399,2,2750,4.0,2666
400,400,2,2788,5.0,2704
401,401,2,2791,5.0,2707
402,402,2,2797,4.0,2713
403,403,2,2808,4.0,2724
404,404,2,2857,3.0,2773
405,405,2,2872,5.0,2788
406,406,2,2900,3.0,2816
407,407,2,2901,3.0,2817
408,408,2,2916,4.0,2832
409,409,2,2918,5.0,2834
410,410,2,2947,4.0,2863
411,411,2,2948,4.0,2864
412,412,2,2949,4.0,2865
413,413,2,2968,5.0,2884
414,414,2,2985,5.0,2901
415,415,2,2986,2.0,2902
416,416,2,3033,5.0,2948
417,417,2,3039,5.0,2954
418,418,2,3070,4.0,2985
419,419,2,3072,4.0,2987
420,420,2,3098,4.0,3013
421,421,2,3142,4.0,3057
422,422,2,5060,5.0,4967
4093,4093,34,6874,5.0,6767
4094,4094,34,6934,4.5,6825
4095,4095,34,6942,5.0,6833
4096,4096,34,7090,4.5,6981
4097,4097,34,7143,4.5,7034
4098,4098,34,7153,4.5,7044
4099,4099,34,7155,3.5,7046
4100,4100,34,7235,5.0,7126
4101,4101,34,7323,5.0,7214
4102,4102,34,7361,5.0,7252
4103,4103,34,7373,4.0,7264
4104,4104,34,7438,4.0,7315
4105,4105,34,8360,5.0,7764
4106,4106,34,8376,4.5,7780
4107,4107,34,8636,4.0,7956
4108,4108,34,8665,5.0,7985
4109,4109,34,8798,4.5,8118
4110,4110,34,8961,5.0,8281
4111,4111,34,8968,4.5,8288
4112,4112,34,8972,4.0,8292
4113,4113,34,8983,4.5,8303
4114,4114,34,8984,4.5,8304
4115,4115,34,8985,4.0,8305
4116,4116,34,27005,5.0,9229
4117,4117,34,27592,5.0,9450
4118,4118,34,27660,5.0,9480
4119,4119,34,27773,5.0,9539
4120,4120,34,27797,5.0,9554
4121,4121,34,27801,4.5,9558
4122,4122,34,30793,4.0,9645
4123,4123,34,30810,4.5,9650
4124,4124,34,30820,4.5,9654
4125,4125,34,31658,4.5,9809
4126,4126,34,31696,4.0,9820
4127,4127,34,31878,4.5,9843
4128,4128,34,32587,5.0,9999
4129,4129,34,33004,5.0,10086
4130,4130,34,33903,5.0,10252
4131,4131,34,34323,2.5,10327
4132,4132,34,34437,4.5,10349
4133,4133,34,35836,4.5,10405
4134,4134,34,36529,4.5,10440
4135,4135,34,36537,4.0,10444
4136,4136,34,37729,4.5,10488
4137,4137,34,38061,4.0,10516
4138,4138,34,39435,3.5,10580
4139,4139,34,40815,4.0,10658
4140,4140,34,40819,3.5,10660
4141,4141,34,40870,4.5,10666
4142,4142,34,41566,3.5,10701
4143,4143,34,41569,4.5,10702
4144,4144,34,41863,5.0,10737
4145,4145,34,44195,4.5,10946
4146,4146,34,44555,5.0,10968
4147,4147,34,44665,4.0,10986
4148,4148,34,45722,5.0,11113
4149,4149,34,46578,4.5,11176
4150,4150,34,46967,4.5,11224
4151,4151,34,46972,4.0,11226
4152,4152,34,47044,4.5,11233
4153,4153,34,48082,4.5,11373
4154,4154,34,48385,2.5,11409
4155,4155,34,48774,2.5,11457
4156,4156,34,49272,4.5,11508
4157,4157,34,49530,5.0,11541
4158,4158,34,49651,4.5,11550
4159,4159,34,50005,4.5,11591
4160,4160,34,51412,3.0,11737
4161,4161,34,51662,5.0,11764
4162,4162,34,52281,4.5,11827
4163,4163,34,52328,3.5,11835
4164,4164,34,52975,4.0,11915
4165,4165,34,53125,5.0,11930
4166,4166,34,53322,5.0,11949
4167,4167,34,53519,4.0,11973
4168,4168,34,53972,4.5,12025
4169,4169,34,53996,3.0,12029
4170,4170,34,54190,4.0,12046
4171,4171,34,54272,4.5,12063
4172,4172,34,54286,5.0,12069
4173,4173,34,54736,4.0,12113
4174,4174,34,54771,4.5,12118
4175,4175,34,54995,4.5,12145
4176,4176,34,54997,5.0,12146
4177,4177,34,55069,3.5,12157
4178,4178,34,55232,3.5,12185
4179,4179,34,55247,4.0,12188
4180,4180,34,55269,5.0,12196
4181,4181,34,55280,4.5,12201
4182,4182,34,55442,4.5,12226
4183,4183,34,55820,3.5,12273
4184,4184,34,55995,4.0,12289
4185,4185,34,56174,5.0,12318
4186,4186,34,56367,4.0,12331
4187,4187,34,56587,4.5,12355
4188,4188,34,56775,4.0,12379
4189,4189,34,56782,4.5,12381
4190,4190,34,56788,3.0,12383
1683,1683,13,2420,3.0,2337
1684,1684,13,2424,3.0,2341
1685,1685,13,2470,3.0,2387
1686,1686,13,2501,4.5,2418
1687,1687,13,2559,1.0,2476
1688,1688,13,2571,3.0,2488
1689,1689,13,2628,2.5,2545
1690,1690,13,2687,4.5,2603
1691,1691,13,2716,3.5,2632
1692,1692,13,2724,4.5,2640
1693,1693,13,2761,4.0,2677
1694,1694,13,2791,2.5,2707
1695,1695,13,2797,3.5,2713
1696,1696,13,2804,3.5,2720
1697,1697,13,2918,3.0,2834
1698,1698,13,2966,3.5,2882
1699,1699,13,2987,3.0,2903
1700,1700,13,3033,3.0,2948
1701,1701,13,3088,4.5,3003
1702,1702,13,3097,4.0,3012
1703,1703,13,3114,4.5,3029
1704,1704,13,3156,3.0,3071
1705,1705,13,3175,4.5,3090
1706,1706,13,3269,2.5,3184
1707,1707,13,3347,3.0,3262
1708,1708,13,3360,4.0,3275
1709,1709,13,3396,4.0,3310
1710,1710,13,3397,4.0,3311
1711,1711,13,3471,4.0,3384
1712,1712,13,3512,4.5,3424
1713,1713,13,3548,3.5,3459
1714,1714,13,3675,4.0,3586
1715,1715,13,3723,4.0,3634
1716,1716,13,3751,4.5,3662
1717,1717,13,3809,4.0,3720
1718,1718,13,3916,4.0,3825
1719,1719,13,4022,4.5,3930
1720,1720,13,4027,3.5,3935
1721,1721,13,4306,3.5,4214
1722,1722,13,4366,3.5,4274
1723,1723,13,4499,3.5,4407
1724,1724,13,4535,4.0,4443
1725,1725,13,4886,4.5,4793
1726,1726,13,4896,4.0,4803
1727,1727,13,4921,4.5,4828
1728,1728,13,4995,5.0,4902
1729,1729,13,5066,4.0,4973
1730,1730,13,5218,4.0,5124
1731,1731,13,5267,4.0,5173
1732,1732,13,5299,4.5,5205
1733,1733,13,5303,4.0,5209
1734,1734,13,5309,2.5,5215
1735,1735,13,5349,2.5,5255
1736,1736,13,5380,4.5,5286
1737,1737,13,5470,4.0,5376
1738,1738,13,5602,3.0,5506
1739,1739,13,5620,4.0,5524
1740,1740,13,5629,4.5,5533
1741,1741,13,5667,4.0,5571
1742,1742,13,5747,3.5,5651
1743,1743,13,5957,4.5,5861
1744,1744,13,6297,5.0,6201
1745,1745,13,6358,3.5,6262
1746,1746,13,6377,4.5,6274
1747,1747,13,6424,5.0,6318
1748,1748,13,6533,4.0,6426
1749,1749,13,6550,4.0,6443
1750,1750,13,6639,3.0,6532
1751,1751,13,6662,3.5,6555
1752,1752,13,6753,5.0,6646
1753,1753,13,6776,4.5,6669
1754,1754,13,6863,1.0,6756
1755,1755,13,6936,3.5,6827
1756,1756,13,6979,3.5,6870
1757,1757,13,7075,4.0,6966
1758,1758,13,7161,4.0,7052
1759,1759,13,7263,4.5,7154
1760,1760,13,7395,4.0,7286
1761,1761,13,8039,4.0,7633
1762,1762,13,8360,4.5,7764
1763,1763,13,8376,3.5,7780
1764,1764,13,8529,3.5,7877
1765,1765,13,8574,4.0,7895
1766,1766,13,8580,4.0,7901
1767,1767,13,8633,3.5,7953
1768,1768,13,8695,4.0,8015
1769,1769,13,8884,3.0,8204
1770,1770,13,8961,4.0,8281
1771,1771,13,8965,4.5,8285
1772,1772,13,8970,4.0,8290
1773,1773,13,8984,3.5,8304
1774,1774,13,25752,4.0,8420
1775,1775,13,26084,4.0,8664
1776,1776,13,26133,4.0,8697
1777,1777,13,26294,4.0,8813
1778,1778,13,27706,4.5,9500
1779,1779,13,31658,4.0,9809
1780,1780,13,36401,1.5,10426
1781,1781,13,36525,4.5,10438
1782,1782,13,37739,4.0,10492
1783,1783,13,38038,3.5,10514
1784,1784,13,40339,4.0,10623
1785,1785,13,40629,4.5,10648
1786,1786,13,41566,4.5,10701
1787,1787,13,44022,4.0,10931
1788,1788,13,44709,5.0,10992
1789,1789,13,45431,5.0,11074
1790,1790,13,45517,4.5,11084
1791,1791,13,45668,3.5,11106
1792,1792,13,46062,3.5,11138
1793,1793,13,46976,4.5,11228
1794,1794,13,48982,4.0,11480
1795,1795,13,50160,4.5,11603
1796,1796,13,50872,4.5,11671
1797,1797,13,51471,5.0,11742
1798,1798,13,52287,5.0,11830
1799,1799,13,53464,2.5,11968
1800,1800,13,54004,1.0,12032
1801,1801,13,55267,3.0,12195
1802,1802,13,56915,3.5,12396
1803,1803,13,60069,5.0,12803
1804,1804,13,60487,4.0,12883
3657,3657,30,39183,0.5,10554
3658,3658,30,39446,0.5,10584
3659,3659,30,40339,3.5,10623
3660,3660,30,40815,3.5,10658
3661,3661,30,41566,5.0,10701
3662,3662,30,41569,1.0,10702
3663,3663,30,42738,5.0,10814
3664,3664,30,44022,4.0,10931
3665,3665,30,44191,5.0,10944
3666,3666,30,45431,5.0,11074
3667,3667,30,45499,5.0,11078
3668,3668,30,45517,4.0,11084
3669,3669,30,45722,5.0,11113
3670,3670,30,46578,0.5,11176
3671,3671,30,46970,0.5,11225
3672,3672,30,46972,4.0,11226
3673,3673,30,47200,4.0,11255
3674,3674,30,47610,4.0,11304
3675,3675,30,48322,4.0,11403
3676,3676,30,48385,0.5,11409
3677,3677,30,48394,1.5,11411
3678,3678,30,49274,4.0,11509
3679,3679,30,49649,3.5,11549
3680,3680,30,50798,4.5,11661
3681,3681,30,50872,3.5,11671
3682,3682,30,51077,4.0,11696
3683,3683,30,51662,4.5,11764
3684,3684,30,52245,0.5,11823
3685,3685,30,52287,4.0,11830
3686,3686,30,52722,3.0,11883
3687,3687,30,52973,0.5,11914
3688,3688,30,53121,4.0,11928
3689,3689,30,53125,5.0,11930
3690,3690,30,53464,4.0,11968
3691,3691,30,53894,0.5,12015
3692,3692,30,53996,4.5,12029
3693,3693,30,54001,5.0,12031
3694,3694,30,54259,5.0,12059
3695,3695,30,54272,3.0,12063
3696,3696,30,54503,0.5,12089
3697,3697,30,54997,4.0,12146
3698,3698,30,55995,4.0,12289
3699,3699,30,56171,4.5,12317
3700,3700,30,56367,0.5,12331
3701,3701,30,56587,1.5,12355
3702,3702,30,56775,4.5,12379
3703,3703,30,56949,3.0,12401
3704,3704,30,57528,4.0,12457
3705,3705,30,57640,4.5,12466
3706,3706,30,58025,4.0,12506
3707,3707,30,58559,5.0,12582
3708,3708,30,58803,3.0,12608
3709,3709,30,59315,5.0,12688
3710,3710,30,59369,4.0,12695
3711,3711,30,59501,4.0,12714
3712,3712,30,59784,4.0,12748
3713,3713,30,60069,4.5,12803
3714,3714,30,60074,4.0,12805
3715,3715,30,60684,4.0,12913
3716,3716,30,60756,0.5,12924
3717,3717,30,61024,0.5,12964
3718,3718,30,61132,1.5,12981
3719,3719,30,61160,5.0,12983
3720,3720,30,63082,0.5,13159
3721,3721,30,63992,1.0,13230
3722,3722,30,65682,5.0,13413
3723,3723,30,68205,4.5,13712
3724,3724,30,68319,5.0,13731
3725,3725,30,68954,3.0,13821
3726,3726,30,69122,1.5,13842
3727,3727,30,69406,2.0,13894
3728,3728,30,69526,4.0,13929
3729,3729,30,69784,0.5,13974
3730,3730,30,69844,5.0,13987
3731,3731,30,70286,4.0,14060
3732,3732,30,71530,3.0,14327
3733,3733,30,71535,1.5,14329
3734,3734,30,72378,0.5,14509
3735,3735,30,72998,4.5,14640
3736,3736,30,73017,4.0,14646
3737,3737,30,73321,4.0,14719
3738,3738,30,74789,3.0,14985
3739,3739,30,76093,5.0,15079
3740,3740,30,76175,4.5,15101
3741,3741,30,76251,0.5,15112
3742,3742,30,77561,5.0,15250
3743,3743,30,78105,5.0,15366
3744,3744,30,78209,0.5,15389
3745,3745,30,78469,4.5,15444
3746,3746,30,79091,5.0,15572
3747,3747,30,79695,4.5,15713
3748,3748,30,79702,0.5,15714
3749,3749,30,81562,0.5,16159
3750,3750,30,81564,4.0,16160
3751,3751,30,81834,5.0,16232
3752,3752,30,81847,2.5,16234
3753,3753,30,82459,4.0,16382
3754,3754,30,82461,4.5,16383
3755,3755,30,83613,5.0,16596
3756,3756,30,84944,4.0,16840
3757,3757,30,85510,4.0,16944
3758,3758,30,86332,5.0,17078
3759,3759,30,86880,5.0,17226
3760,3760,30,86911,2.0,17238
3761,3761,30,87222,4.5,17315
3762,3762,30,87232,4.5,17319
3763,3763,30,87430,4.0,17373
3764,3764,30,88125,5.0,17533
3765,3765,30,88140,5.0,17540
3766,3766,30,88744,4.0,17683
3767,3767,30,89745,5.0,17901
3768,3768,30,91500,4.5,18327
3769,3769,30,91529,5.0,18335
3770,3770,30,95167,3.0,19159
3771,3771,30,98809,4.5,20050
3772,3772,30,102125,4.5,20897
3773,3773,30,102445,0.5,20982
3774,3774,30,106487,4.0,22082
3775,3775,30,106489,5.0,22083
3776,3776,30,106696,3.0,22136
3777,3777,30,112852,4.5,23641
3778,3778,30,118696,5.0,24895
3779,3779,30,125916,0.5,25760
679,679,6,2478,2.0,2395
680,680,6,2498,2.0,2415
681,681,6,2529,4.0,2446
682,682,6,2535,3.0,2452
683,683,6,2546,3.0,2463
684,684,6,2558,3.0,2475
685,685,6,2598,3.0,2515
686,686,6,2628,4.0,2545
687,687,6,2633,3.0,2550
688,688,6,2640,4.0,2557
689,689,6,2641,4.0,2558
690,690,6,2642,3.0,2559
691,691,6,2654,4.0,2570
692,692,6,2657,2.0,2573
693,693,6,2664,4.0,2580
694,694,6,2671,4.0,2587
695,695,6,2683,3.0,2599
696,696,6,2694,3.0,2610
697,697,6,2701,3.0,2617
698,698,6,2716,4.0,2632
699,699,6,2722,3.0,2638
700,700,6,2723,3.0,2639
701,701,6,2734,2.0,2650
702,702,6,2752,4.0,2668
703,703,6,2762,5.0,2678
704,704,6,2770,2.0,2686
705,705,6,2858,3.0,2774
706,706,6,2861,3.0,2777
707,707,6,2881,4.0,2797
708,708,6,2908,4.0,2824
709,709,6,2916,3.0,2832
710,710,6,2942,5.0,2858
711,711,6,2950,3.0,2866
712,712,6,2959,4.0,2875
713,713,6,2968,2.0,2884
714,714,6,2987,4.0,2903
715,715,6,2993,4.0,2909
716,716,6,3004,2.0,2920
717,717,6,3032,2.0,2947
718,718,6,3033,2.0,2948
719,719,6,3037,4.0,2952
720,720,6,3039,3.0,2954
721,721,6,3062,3.0,2977
722,722,6,3074,3.0,2989
723,723,6,3081,2.0,2996
724,724,6,3086,4.0,3001
725,725,6,3103,2.0,3018
726,726,6,3108,3.0,3023
727,727,6,3118,3.0,3033
728,728,6,3156,3.0,3071
729,729,6,3175,2.0,3090
730,730,6,3176,2.0,3091
731,731,6,3179,5.0,3094
732,732,6,3185,3.0,3100
733,733,6,3194,4.0,3109
734,734,6,3199,2.0,3114
735,735,6,3219,2.0,3134
736,736,6,3235,3.0,3150
737,737,6,3244,3.0,3159
738,738,6,3334,3.0,3249
739,739,6,3341,4.0,3256
740,740,6,3354,3.0,3269
741,741,6,3363,4.0,3278
742,742,6,3408,4.0,3322
743,743,6,3417,5.0,3330
744,744,6,3448,4.0,3361
745,745,6,3469,4.0,3382
746,746,6,3479,5.0,3392
747,747,6,3501,3.0,3413
748,748,6,3510,4.0,3422
749,749,6,3512,4.0,3424
750,750,6,3524,4.0,3436
751,751,6,3526,3.0,3438
752,752,6,3527,3.0,3439
753,753,6,3528,2.0,3440
754,754,6,3578,5.0,3489
755,755,6,3593,2.0,3504
756,756,6,3671,4.0,3582
757,757,6,3684,3.0,3595
758,758,6,3699,4.0,3610
759,759,6,3701,3.0,3612
760,760,6,3717,2.0,3628
761,761,6,3753,4.0,3664
762,762,6,3754,2.0,3665
763,763,6,3793,4.0,3704
764,764,6,3798,2.0,3709
765,765,6,3824,2.0,3734
766,766,6,3826,4.0,3736
767,767,6,3827,3.0,3737
768,768,6,3844,3.0,3753
769,769,6,3864,3.0,3773
770,770,6,3911,4.0,3820
771,771,6,3926,3.0,3835
772,772,6,3932,4.0,3841
773,773,6,3959,4.0,3867
774,774,6,3977,4.0,3885
775,775,6,3978,3.0,3886
776,776,6,3987,4.0,3895
777,777,6,3988,4.0,3896
778,778,6,3994,3.0,3902
779,779,6,4018,3.0,3926
780,780,6,4019,4.0,3927
781,781,6,4023,3.0,3931
782,782,6,4041,4.0,3949
783,783,6,4062,3.0,3970
784,784,6,4155,3.0,4063
785,785,6,4186,4.0,4094
786,786,6,4270,3.0,4178
787,787,6,4306,5.0,4214
788,788,6,4308,4.0,4216
789,789,6,4310,3.0,4218
790,790,6,4317,3.0,4225
791,791,6,4339,4.0,4247
792,792,6,4349,3.0,4257
793,793,6,4361,3.0,4269
794,794,6,4368,3.0,4276
795,795,6,4370,2.0,4278
796,796,6,4464,2.0,4372
797,797,6,4503,3.0,4411
798,798,6,4545,4.0,4453
799,799,6,4603,2.0,4511
800,800,6,4626,4.0,4534
801,801,6,4638,4.0,4546
802,802,6,4639,2.0,4547
803,803,6,4643,4.0,4551
804,804,6,4661,2.0,4569
805,805,6,4700,3.0,4608
806,806,6,4736,3.0,4643
807,807,6,4799,5.0,4706
808,808,6,4848,1.0,4755
809,809,6,4867,4.0,4774
810,810,6,4874,4.0,4781
811,811,6,4896,3.0,4803
812,812,6,4963,5.0,4870
813,813,6,4993,4.0,4900
814,814,6,4994,4.0,4901
815,815,6,4995,3.0,4902
816,816,6,5009,3.0,4916
1212,1212,10,5283,4.0,5189
1213,1213,10,5299,4.5,5205
1214,1214,10,5323,3.0,5229
1215,1215,10,5349,5.0,5255
1216,1216,10,5377,5.0,5283
1217,1217,10,5378,4.5,5284
1218,1218,10,5400,3.5,5306
1219,1219,10,5444,4.5,5350
1220,1220,10,5445,4.5,5351
1221,1221,10,5459,5.0,5365
1222,1222,10,5463,4.5,5369
1223,1223,10,5502,4.5,5408
1224,1224,10,5618,4.5,5522
1225,1225,10,5669,5.0,5573
1226,1226,10,5782,4.0,5686
1227,1227,10,5816,5.0,5720
1228,1228,10,5882,5.0,5786
1229,1229,10,5903,5.0,5807
1230,1230,10,5952,5.0,5856
1231,1231,10,5971,5.0,5875
1232,1232,10,6016,5.0,5920
1233,1233,10,6094,4.0,5998
1234,1234,10,6250,5.0,6154
1235,1235,10,6264,2.5,6168
1236,1236,10,6281,5.0,6185
1237,1237,10,6283,2.5,6187
1238,1238,10,6287,1.0,6191
1239,1239,10,6291,5.0,6195
1240,1240,10,6294,4.0,6198
1241,1241,10,6333,5.0,6237
1242,1242,10,6365,5.0,6263
1243,1243,10,6377,5.0,6274
1244,1244,10,6378,3.5,6275
1245,1245,10,6383,3.0,6280
1246,1246,10,6502,5.0,6395
1247,1247,10,6503,3.5,6396
1248,1248,10,6534,4.0,6427
1249,1249,10,6537,3.5,6430
1250,1250,10,6539,5.0,6432
1251,1251,10,6541,4.0,6434
1252,1252,10,6548,2.5,6441
1253,1253,10,6586,3.0,6479
1254,1254,10,6624,2.0,6517
1255,1255,10,6659,4.5,6552
1256,1256,10,6711,2.0,6604
1257,1257,10,6731,4.5,6624
1258,1258,10,6795,2.5,6688
1259,1259,10,6863,5.0,6756
1260,1260,10,6874,4.0,6767
1261,1261,10,6934,5.0,6825
1262,1262,10,6953,4.5,6844
1263,1263,10,6979,5.0,6870
1264,1264,10,6996,4.0,6887
1265,1265,10,7022,4.5,6913
1266,1266,10,7099,4.5,6990
1267,1267,10,7153,5.0,7044
1268,1268,10,7163,4.5,7054
1269,1269,10,7173,4.5,7064
1270,1270,10,7254,5.0,7145
1271,1271,10,7293,4.5,7184
1272,1272,10,7345,2.0,7236
1273,1273,10,7361,5.0,7252
1274,1274,10,7439,3.5,7316
1275,1275,10,7444,5.0,7321
1276,1276,10,7458,4.5,7335
1277,1277,10,7481,5.0,7346
1278,1278,10,7541,4.5,7365
1279,1279,10,7845,4.0,7523
1280,1280,10,7846,3.5,7524
1281,1281,10,8169,5.0,7687
1282,1282,10,8361,4.5,7765
1283,1283,10,8368,4.0,7772
1284,1284,10,8371,4.5,7775
1285,1285,10,8578,2.0,7899
1286,1286,10,8622,3.5,7942
1287,1287,10,8636,4.5,7956
1288,1288,10,8640,4.0,7960
1289,1289,10,8641,3.0,7961
1290,1290,10,8644,5.0,7964
1291,1291,10,8800,2.0,8120
1292,1292,10,8810,5.0,8130
1293,1293,10,8861,2.5,8181
1294,1294,10,8865,4.0,8185
1295,1295,10,8870,4.5,8190
1296,1296,10,8907,4.0,8227
1297,1297,10,8965,5.0,8285
1298,1298,10,8972,4.5,8292
1299,1299,10,8973,5.0,8293
1300,1300,10,8977,3.5,8297
1301,1301,10,26462,3.0,8920
1302,1302,10,26509,5.0,8955
1303,1303,10,26887,3.5,9172
1304,1304,10,26913,4.5,9180
1305,1305,10,27311,3.0,9338
1306,1306,10,27338,2.0,9352
1307,1307,10,27368,4.0,9368
1308,1308,10,27441,5.0,9392
1309,1309,10,27608,5.0,9457
1310,1310,10,27660,5.0,9480
1311,1311,10,27728,4.5,9512
1312,1312,10,27793,0.5,9553
1313,1313,10,27865,1.0,9598
1314,1314,10,27904,5.0,9619
1315,1315,10,30707,5.0,9631
1316,1316,10,30793,5.0,9645
1317,1317,10,30812,4.0,9651
1318,1318,10,31184,5.0,9721
1319,1319,10,31429,5.0,9764
1320,1320,10,31553,4.0,9788
1321,1321,10,31555,5.0,9789
1322,1322,10,31658,5.0,9809
1323,1323,10,31660,4.5,9810
1324,1324,10,31878,5.0,9843
1325,1325,10,32031,3.5,9881
1326,1326,10,32213,4.5,9921
1327,1327,10,33085,5.0,10095
1328,1328,10,33166,4.5,10122
1329,1329,10,33493,5.0,10176
1330,1330,10,33585,5.0,10188
1331,1331,10,33660,4.0,10204
1332,1332,10,33679,4.5,10209
1333,1333,10,33794,4.0,10227
1334,1334,10,34048,5.0,10282
1335,1335,10,34150,4.0,10296
1336,1336,10,34319,4.0,10325
1337,1337,10,34334,0.5,10331
1338,1338,10,34338,4.0,10333
1339,1339,10,34542,5.0,10371
1340,1340,10,35836,5.0,10405
1341,1341,10,36401,4.0,10426
1342,1342,10,36509,3.5,10432
1343,1343,10,36931,4.5,10461
1344,1344,10,37380,2.0,10472
1345,1345,10,37386,1.5,10475
1346,1346,10,37830,5.0,10497
1347,1347,10,39446,1.5,10584
1348,1348,10,40339,3.0,10623
1349,1349,10,41566,4.5,10701
1350,1350,10,41569,5.0,10702
1351,1351,10,41571,5.0,10703
1352,1352,10,42718,3.5,10805
1353,1353,10,43419,2.0,10856
1354,1354,10,43556,5.0,10866
1355,1355,10,43928,2.5,10918
1356,1356,10,43932,3.5,10920
1357,1357,10,43936,2.5,10922
1358,1358,10,44189,1.5,10943
1359,1359,10,44191,4.0,10944
1360,1360,10,44225,0.5,10950
1361,1361,10,44731,5.0,10997
1362,1362,10,44828,0.5,11010
1363,1363,10,44849,4.5,11013
1364,1364,10,45361,5.0,11071
1365,1365,10,45499,5.0,11078
1366,1366,10,45722,4.5,11113
1367,1367,10,46530,3.0,11170
1368,1368,10,46578,5.0,11176
1369,1369,10,47124,3.5,11244
1370,1370,10,48304,5.0,11399
1371,1371,10,48394,4.5,11411
1372,1372,10,48516,4.5,11419
1373,1373,10,48738,4.0,11453
1374,1374,10,48774,4.0,11457
1375,1375,10,48943,1.0,11476
1376,1376,10,49205,4.5,11502
1377,1377,10,49278,4.5,11511
1378,1378,10,50162,3.5,11604
1379,1379,10,50442,3.0,11624
1380,1380,10,50872,4.5,11671
1381,1381,10,51412,4.0,11737
1382,1382,10,51662,5.0,11764
1383,1383,10,51666,3.0,11765
1384,1384,10,51698,3.5,11770
1385,1385,10,52281,4.0,11827
1386,1386,10,52287,3.5,11830
1387,1387,10,52328,5.0,11835
1388,1388,10,52722,4.5,11883
1389,1389,10,52885,4.5,11902
1390,1390,10,53000,5.0,11918
1391,1391,10,53125,4.0,11930
1392,1392,10,53464,4.5,11968
1393,1393,10,53953,4.5,12021
1394,1394,10,53996,4.5,12029
1395,1395,10,54001,5.0,12031
1396,1396,10,54278,3.0,12066
1397,1397,10,54771,4.5,12118
1398,1398,10,54995,4.0,12145
1399,1399,10,55190,4.0,12178
1400,1400,10,55232,3.0,12185
1401,1401,10,55282,2.0,12202
1402,1402,10,55603,3.0,12247
1403,1403,10,55999,4.5,12290
1404,1404,10,56003,1.0,12292
1405,1405,10,56145,5.0,12310
1406,1406,10,56174,5.0,12318
1407,1407,10,56251,3.0,12320
1408,1408,10,56757,5.0,12378
1409,1409,10,56801,5.0,12385
1410,1410,10,56949,4.0,12401
1411,1411,10,57223,1.5,12417
1412,1412,10,57368,3.5,12429
1413,1413,10,57509,3.5,12452
1414,1414,10,57640,4.5,12466
1415,1415,10,57949,5.0,12495
1416,1416,10,58025,3.0,12506
1417,1417,10,58293,4.5,12542
1418,1418,10,58559,5.0,12582
1419,1419,10,58652,5.0,12595
1420,1420,10,59014,2.0,12642
1421,1421,10,59315,5.0,12688
1422,1422,10,59376,0.5,12696
1423,1423,10,59418,5.0,12703
1424,1424,10,59615,2.5,12725
1425,1425,10,60037,5.0,12798
1426,1426,10,60040,4.0,12799
1427,1427,10,60069,5.0,12803
1428,1428,10,60161,2.0,12821
1429,1429,10,60514,3.5,12887
1430,1430,10,60516,3.0,12888
1431,1431,10,60524,4.0,12890
1432,1432,10,60684,5.0,12913
1433,1433,10,60760,4.5,12926
1434,1434,10,60832,4.5,12936
1435,1435,10,61248,1.5,12991
1436,1436,10,61465,3.0,13025
1437,1437,10,62265,4.0,13090
1438,1438,10,62956,2.0,13148
1439,1439,10,63859,4.5,13226
1440,1440,10,64034,4.5,13234
1441,1441,10,64497,5.0,13269
1442,1442,10,64508,0.5,13272
1443,1443,10,64614,4.0,13284
1444,1444,10,64997,5.0,13325
1445,1445,10,64999,0.5,13326
1446,1446,10,65037,3.0,13333
1447,1447,10,65514,4.0,13382
1448,1448,10,66171,4.5,13475
1449,1449,10,66297,3.0,13490
1450,1450,10,67197,4.0,13598
1451,1451,10,67295,4.0,13606
1452,1452,10,67365,3.5,13617
1453,1453,10,67799,0.5,13651
1454,1454,10,67867,2.5,13662
1455,1455,10,68263,0.5,13724
1456,1456,10,68319,5.0,13731
1457,1457,10,69526,5.0,13929
1458,1458,10,69945,4.5,14005
1459,1459,10,70227,2.5,14055
1460,1460,10,70305,0.5,14064
1461,1461,10,71282,5.0,14266
1462,1462,10,72641,5.0,14557
1463,1463,10,82095,1.0,16294
2790,2790,23,2427,3.0,2344
2791,2791,23,2428,3.0,2345
2792,2792,23,2431,3.0,2348
2793,2793,23,2433,3.0,2350
2794,2794,23,2447,3.0,2364
2795,2795,23,2455,3.0,2372
2796,2796,23,2490,4.0,2407
2797,2797,23,2501,2.0,2418
2798,2798,23,2502,5.0,2419
2799,2799,23,2539,2.0,2456
2800,2800,23,2541,3.0,2458
2801,2801,23,2546,3.0,2463
2802,2802,23,2567,3.0,2484
2803,2803,23,2571,5.0,2488
2804,2804,23,2580,4.0,2497
2805,2805,23,2587,2.0,2504
2806,2806,23,2600,3.0,2517
2807,2807,23,2605,2.0,2522
2808,2808,23,2628,4.0,2545
2809,2809,23,2671,2.0,2587
2810,2810,23,2676,2.0,2592
2811,2811,23,2683,5.0,2599
2812,2812,23,2688,3.0,2604
2813,2813,23,2692,4.0,2608
2814,2814,23,2694,5.0,2610
2815,2815,23,2700,4.0,2616
2816,2816,23,2701,2.0,2617
2817,2817,23,2706,5.0,2622
2818,2818,23,2707,4.0,2623
2819,2819,23,2710,4.0,2626
2820,2820,23,2712,1.0,2628
2821,2821,23,2716,3.0,2632
2822,2822,23,2723,4.0,2639
2823,2823,23,2724,1.0,2640
2824,2824,23,2729,3.0,2645
2825,2825,23,2734,3.0,2650
2826,2826,23,2762,5.0,2678
2827,2827,23,2770,4.0,2686
2828,2828,23,2772,2.0,2688
2829,2829,23,2803,3.0,2719
2830,2830,23,2805,2.0,2721
2831,2831,23,2826,4.0,2742
2832,2832,23,2840,3.0,2756
2833,2833,23,2841,2.0,2757
2834,2834,23,2858,5.0,2774
2835,2835,23,2860,3.0,2776
2836,2836,23,2861,4.0,2777
2837,2837,23,2881,3.0,2797
2838,2838,23,2889,2.0,2805
2839,2839,23,2890,4.0,2806
2840,2840,23,2916,4.0,2832
2841,2841,23,2959,5.0,2875
2842,2842,23,2961,3.0,2877
2843,2843,23,2985,3.0,2901
2844,2844,23,2997,2.0,2913
2845,2845,23,3004,3.0,2920
2846,2846,23,3005,3.0,2921
2847,2847,23,3020,3.0,2936
2848,2848,23,3052,5.0,2967
2849,2849,23,3053,2.0,2968
2850,2850,23,3081,2.0,2996
2851,2851,23,3107,4.0,3022
2852,2852,23,3108,2.0,3023
2853,2853,23,3113,3.0,3028
2854,2854,23,3114,3.0,3029
2855,2855,23,3145,3.0,3060
2856,2856,23,3147,3.0,3062
2857,2857,23,3148,2.0,3063
2858,2858,23,3155,2.0,3070
2859,2859,23,3173,3.0,3088
2860,2860,23,3174,4.0,3089
2861,2861,23,3175,4.0,3090
2862,2862,23,3176,1.0,3091
2863,2863,23,3177,3.0,3092
2864,2864,23,3179,2.0,3094
2865,2865,23,3189,2.0,3104
2866,2866,23,3249,3.0,3164
2867,2867,23,3250,4.0,3165
2868,2868,23,3252,4.0,3167
2869,2869,23,3253,4.0,3168
2870,2870,23,3254,4.0,3169
2871,2871,23,3255,2.0,3170
2872,2872,23,3259,2.0,3174
2873,2873,23,3273,3.0,3188
2874,2874,23,3285,3.0,3200
2875,2875,23,3298,4.0,3213
2876,2876,23,3300,5.0,3215
2877,2877,23,3301,2.0,3216
2878,2878,23,3316,3.0,3231
2879,2879,23,3328,3.0,3243
2880,2880,23,3354,2.0,3269
2881,2881,23,3355,2.0,3270
2882,2882,23,3386,3.0,3300
2883,2883,23,3408,3.0,3322
2884,2884,23,3409,4.0,3323
2885,2885,23,3418,4.0,3331
2886,2886,23,3450,2.0,3363
2887,2887,23,3452,4.0,3365
2888,2888,23,3471,2.0,3384
2889,2889,23,3476,2.0,3389
2890,2890,23,3477,2.0,3390
2891,2891,23,3481,2.0,3394
2892,2892,23,3483,4.0,3395
2893,2893,23,3484,2.0,3396
2894,2894,23,3499,4.0,3411
2895,2895,23,3510,5.0,3422
2896,2896,23,3513,3.0,3425
2897,2897,23,3515,4.0,3427
2898,2898,23,3527,4.0,3439
2899,2899,23,3534,2.0,3445
2900,2900,23,3535,4.0,3446
2901,2901,23,3554,2.0,3465
2902,2902,23,3555,4.0,3466
2903,2903,23,3578,5.0,3489
2904,2904,23,3593,2.0,3504
2905,2905,23,3614,4.0,3525
2906,2906,23,3616,3.0,3527
2907,2907,23,3617,5.0,3528
2908,2908,23,3623,2.0,3534
2909,2909,23,3624,2.0,3535
2910,2910,23,3686,3.0,3597
2911,2911,23,3702,4.0,3613
2912,2912,23,3703,2.0,3614
2913,2913,23,3717,4.0,3628
2914,2914,23,3718,3.0,3629
2915,2915,23,3745,4.0,3656
2916,2916,23,3752,4.0,3663
2917,2917,23,3753,1.0,3664
2918,2918,23,3755,3.0,3666
2919,2919,23,3784,1.0,3695
2920,2920,23,3785,5.0,3696
2921,2921,23,3793,3.0,3704
2922,2922,23,3798,2.0,3709
2923,2923,23,3809,3.0,3720
2924,2924,23,3824,2.0,3734
2925,2925,23,3826,3.0,3736
2926,2926,23,3857,3.0,3766
2927,2927,23,3861,3.0,3770
2928,2928,23,3863,2.0,3772
2929,2929,23,3865,2.0,3774
2930,2930,23,3879,1.0,3788
2931,2931,23,3884,1.0,3793
2932,2932,23,3889,2.0,3798
2933,2933,23,3893,2.0,3802
2934,2934,23,3895,2.0,3804
2935,2935,23,3896,4.0,3805
2936,2936,23,3897,3.0,3806
2937,2937,23,3915,3.0,3824
2938,2938,23,3916,4.0,3825
2939,2939,23,3946,3.0,3854
2940,2940,23,3948,4.0,3856
2941,2941,23,3950,5.0,3858
2942,2942,23,3952,3.0,3860
2943,2943,23,3955,4.0,3863
2944,2944,23,3967,4.0,3875
2945,2945,23,3968,3.0,3876
2946,2946,23,3969,4.0,3877
2947,2947,23,3972,1.0,3880
2948,2948,23,3977,3.0,3885
2949,2949,23,3978,4.0,3886
2950,2950,23,3979,5.0,3887
2951,2951,23,3980,3.0,3888
2952,2952,23,3981,3.0,3889
2953,2953,23,3986,1.0,3894
2954,2954,23,3988,3.0,3896
2955,2955,23,3994,4.0,3902
2956,2956,23,3996,5.0,3904
2957,2957,23,3998,3.0,3906
2958,2958,23,3999,4.0,3907
2959,2959,23,4011,4.0,3919
2960,2960,23,4014,2.0,3922
2961,2961,23,4015,3.0,3923
2962,2962,23,4016,3.0,3924
2963,2963,23,4018,3.0,3926
2964,2964,23,4019,4.0,3927
2965,2965,23,4020,4.0,3928
2966,2966,23,4022,4.0,3930
2967,2967,23,4023,3.0,3931
2968,2968,23,4025,2.0,3933
2969,2969,23,4027,4.0,3935
2970,2970,23,4030,2.0,3938
2971,2971,23,4031,4.0,3939
2972,2972,23,4033,4.0,3941
2973,2973,23,4034,3.0,3942
2974,2974,23,4052,1.0,3960
2975,2975,23,4054,4.0,3962
2976,2976,23,4061,3.0,3969
2977,2977,23,4121,3.0,4029
2978,2978,23,4148,2.0,4056
2979,2979,23,4149,5.0,4057
2980,2980,23,4153,4.0,4061
2981,2981,23,4159,3.0,4067
2982,2982,23,4167,4.0,4075
2983,2983,23,4223,3.0,4131
2984,2984,23,4224,2.0,4132
2985,2985,23,4226,4.0,4134
2986,2986,23,4233,4.0,4141
2987,2987,23,4235,5.0,4143
2988,2988,23,4239,3.0,4147
2989,2989,23,4246,3.0,4154
2990,2990,23,4247,4.0,4155
2991,2991,23,4250,3.0,4158
2992,2992,23,4251,4.0,4159
2993,2993,23,4255,3.0,4163
2994,2994,23,4270,1.0,4178
2995,2995,23,4285,2.0,4193
2996,2996,23,4299,4.0,4207
2997,2997,23,4306,4.0,4214
2998,2998,23,4308,2.0,4216
2999,2999,23,4310,2.0,4218
3000,3000,23,4321,3.0,4229
3001,3001,23,4341,3.0,4249
3002,3002,23,4351,5.0,4259
3003,3003,23,4369,3.0,4277
3004,3004,23,4387,5.0,4295
3005,3005,23,4388,3.0,4296
3006,3006,23,4443,2.0,4351
3007,3007,23,4447,4.0,4355
3008,3008,23,4448,2.0,4356
3009,3009,23,4466,3.0,4374
3010,3010,23,4471,1.0,4379
3011,3011,23,4473,4.0,4381
3012,3012,23,4486,3.0,4394
3013,3013,23,4487,4.0,4395
3014,3014,23,4489,3.0,4397
3015,3015,23,4498,2.0,4406
3016,3016,23,4504,1.0,4412
3017,3017,23,4509,3.0,4417
3018,3018,23,4520,2.0,4428
3019,3019,23,4589,3.0,4497
3020,3020,23,4639,3.0,4547
3021,3021,23,4643,2.0,4551
3022,3022,23,4701,4.0,4609
3023,3023,23,4718,5.0,4626
3024,3024,23,4735,2.0,4642
3025,3025,23,4745,2.0,4652
3026,3026,23,4776,5.0,4683
3027,3027,23,4887,5.0,4794
3028,3028,23,4958,3.0,4865
3029,3029,23,4995,4.0,4902
3030,3030,23,5299,4.0,5205
3031,3031,23,5377,4.0,5283
3032,3032,23,5418,4.0,5324
3033,3033,23,5464,4.0,5370
3034,3034,23,5524,3.0,5430
3035,3035,23,5620,3.0,5524
3036,3036,23,5630,5.0,5534
3037,3037,23,5679,5.0,5583
3038,3038,23,5803,3.0,5707
3039,3039,23,5810,3.0,5714
3040,3040,23,5816,2.0,5720
3041,3041,23,5943,3.0,5847
3042,3042,23,6213,4.0,6117
